date,employeeId,name,email,department,checkInTime,checkOutTime,status,totalHours
"2025-11-30","EMP014","Employee 14","employee14@example.com","HR","2025-11-30T03:30:00.000Z","2025-11-30T12:00:00.000Z","present","8.5"
"2025-11-30","EMP003","Employee 3","employee3@example.com","Engineering","2025-11-30T03:30:00.000Z","2025-11-30T12:00:00.000Z","present","8.5"
"2025-11-30","EMP010","Employee 10","employee10@example.com","Sales","2025-11-30T03:30:00.000Z","2025-11-30T12:00:00.000Z","present","8.5"
"2025-11-30","EMP017","Employee 17","employee17@example.com","HR","2025-11-30T04:26:00.000Z","2025-11-30T12:00:00.000Z","late","7.566666666666666"
"2025-11-30","EMP015","Employee 15","employee15@example.com","Engineering","2025-11-30T03:30:00.000Z","2025-11-30T12:00:00.000Z","present","8.5"
"2025-11-30","EMP008","Employee 8","employee8@example.com","HR","2025-11-30T03:30:00.000Z","2025-11-30T12:00:00.000Z","present","8.5"
"2025-11-30","EMP005","Employee 5","employee5@example.com","HR","2025-11-30T03:30:00.000Z","2025-11-30T12:00:00.000Z","present","8.5"
"2025-11-30","EMP004","Employee 4","employee4@example.com","Sales","2025-11-30T03:30:00.000Z","2025-11-30T12:00:00.000Z","present","8.5"
"2025-11-30","EMP016","Employee 16","employee16@example.com","Sales","2025-11-30T03:30:00.000Z","2025-11-30T12:00:00.000Z","present","8.5"
"2025-11-30","EMP007","Employee 7","employee7@example.com","Sales","2025-11-30T03:30:00.000Z","2025-11-30T12:00:00.000Z","present","8.5"
"2025-11-30","EMP002","Employee 2","employee2@example.com","HR","2025-11-30T03:30:00.000Z","2025-11-30T12:00:00.000Z","present","8.5"
"2025-11-30","EMP020","Employee 20","employee20@example.com","HR","2025-11-30T03:30:00.000Z","2025-11-30T12:00:00.000Z","present","8.5"
"2025-11-30","EMP006","Employee 6","employee6@example.com","Engineering","2025-11-30T03:30:00.000Z","2025-11-30T12:00:00.000Z","late","8.5"
"2025-11-30","EMP009","Employee 9","employee9@example.com","Engineering","","","absent","0"
"2025-11-30","EMP019","Employee 19","employee19@example.com","Sales","2025-11-30T03:30:00.000Z","2025-11-30T12:00:00.000Z","late","8.5"
"2025-11-30","EMP018","Employee 18","employee18@example.com","Engineering","2025-11-30T03:30:00.000Z","2025-11-30T12:00:00.000Z","present","8.5"
"2025-11-30","EMP001","Employee 1","employee1@example.com","Sales","2025-11-30T03:30:00.000Z","2025-11-30T12:00:00.000Z","present","8.5"
"2025-11-30","EMP011","Employee 11","employee11@example.com","HR","2025-11-30T03:30:00.000Z","2025-11-30T12:00:00.000Z","present","8.5"
"2025-11-30","EMP013","Employee 13","employee13@example.com","Sales","2025-11-30T03:30:00.000Z","2025-11-30T12:00:00.000Z","present","8.5"
"2025-11-30","EMP012","Employee 12","employee12@example.com","Engineering","2025-11-30T03:30:00.000Z","2025-11-30T12:00:00.000Z","present","8.5"
"2025-11-29","EMP013","Employee 13","employee13@example.com","Sales","2025-11-29T03:30:00.000Z","2025-11-29T12:00:00.000Z","present","8.5"
"2025-11-29","EMP003","Employee 3","employee3@example.com","Engineering","2025-11-29T03:30:00.000Z","2025-11-29T12:00:00.000Z","present","8.5"
"2025-11-29","EMP009","Employee 9","employee9@example.com","Engineering","2025-11-29T03:30:00.000Z","2025-11-29T12:00:00.000Z","present","8.5"
"2025-11-29","EMP017","Employee 17","employee17@example.com","HR","2025-11-29T03:30:00.000Z","2025-11-29T12:00:00.000Z","present","8.5"
"2025-11-29","EMP005","Employee 5","employee5@example.com","HR","2025-11-29T03:30:00.000Z","2025-11-29T12:00:00.000Z","present","8.5"
"2025-11-29","EMP011","Employee 11","employee11@example.com","HR","2025-11-29T03:30:00.000Z","2025-11-29T12:00:00.000Z","present","8.5"
"2025-11-29","EMP001","Employee 1","employee1@example.com","Sales","2025-11-29T03:30:00.000Z","2025-11-29T12:00:00.000Z","present","8.5"
"2025-11-29","EMP007","Employee 7","employee7@example.com","Sales","2025-11-29T04:08:00.000Z","2025-11-29T12:00:00.000Z","late","7.866666666666666"
"2025-11-29","EMP018","Employee 18","employee18@example.com","Engineering","2025-11-29T03:30:00.000Z","2025-11-29T12:00:00.000Z","present","8.5"
"2025-11-29","EMP015","Employee 15","employee15@example.com","Engineering","2025-11-29T03:30:00.000Z","2025-11-29T12:00:00.000Z","present","8.5"
"2025-11-29","EMP016","Employee 16","employee16@example.com","Sales","2025-11-29T03:30:00.000Z","2025-11-29T08:00:00.000Z","half-day","4.5"
"2025-11-29","EMP010","Employee 10","employee10@example.com","Sales","2025-11-29T03:30:00.000Z","2025-11-29T12:00:00.000Z","present","8.5"
"2025-11-29","EMP004","Employee 4","employee4@example.com","Sales","2025-11-29T03:30:00.000Z","2025-11-29T12:00:00.000Z","present","8.5"
"2025-11-29","EMP006","Employee 6","employee6@example.com","Engineering","2025-11-29T03:30:00.000Z","2025-11-29T12:00:00.000Z","present","8.5"
"2025-11-29","EMP020","Employee 20","employee20@example.com","HR","2025-11-29T03:30:00.000Z","2025-11-29T12:00:00.000Z","present","8.5"
"2025-11-29","EMP002","Employee 2","employee2@example.com","HR","2025-11-29T03:30:00.000Z","2025-11-29T12:00:00.000Z","present","8.5"
"2025-11-29","EMP008","Employee 8","employee8@example.com","HR","2025-11-29T03:30:00.000Z","2025-11-29T12:00:00.000Z","present","8.5"
"2025-11-29","EMP019","Employee 19","employee19@example.com","Sales","","","absent","0"
"2025-11-29","EMP014","Employee 14","employee14@example.com","HR","2025-11-29T03:30:00.000Z","2025-11-29T12:00:00.000Z","present","8.5"
"2025-11-29","EMP012","Employee 12","employee12@example.com","Engineering","2025-11-29T03:30:00.000Z","2025-11-29T12:00:00.000Z","present","8.5"
"2025-11-28","EMP005","Employee 5","employee5@example.com","HR","2025-11-28T03:30:00.000Z","2025-11-28T12:00:00.000Z","present","8.5"
"2025-11-28","EMP006","Employee 6","employee6@example.com","Engineering","2025-11-28T03:30:00.000Z","2025-11-28T08:00:00.000Z","half-day","4.5"
"2025-11-28","EMP012","Employee 12","employee12@example.com","Engineering","","","absent","0"
"2025-11-28","EMP010","Employee 10","employee10@example.com","Sales","2025-11-28T03:30:00.000Z","2025-11-28T12:00:00.000Z","present","8.5"
"2025-11-28","EMP011","Employee 11","employee11@example.com","HR","2025-11-28T03:30:00.000Z","2025-11-28T12:00:00.000Z","present","8.5"
"2025-11-28","EMP020","Employee 20","employee20@example.com","HR","2025-11-28T03:30:00.000Z","2025-11-28T12:00:00.000Z","present","8.5"
"2025-11-28","EMP002","Employee 2","employee2@example.com","HR","2025-11-28T03:30:00.000Z","2025-11-28T12:00:00.000Z","present","8.5"
"2025-11-28","EMP013","Employee 13","employee13@example.com","Sales","","","absent","0"
"2025-11-28","EMP001","Employee 1","employee1@example.com","Sales","2025-11-28T03:56:00.000Z","2025-11-28T12:00:00.000Z","late","8.066666666666666"
"2025-11-28","EMP009","Employee 9","employee9@example.com","Engineering","2025-11-28T03:30:00.000Z","2025-11-28T12:00:00.000Z","present","8.5"
"2025-11-28","EMP019","Employee 19","employee19@example.com","Sales","2025-11-28T03:30:00.000Z","2025-11-28T12:00:00.000Z","present","8.5"
"2025-11-28","EMP003","Employee 3","employee3@example.com","Engineering","2025-11-28T04:01:00.000Z","2025-11-28T12:00:00.000Z","late","7.983333333333333"
"2025-11-28","EMP014","Employee 14","employee14@example.com","HR","2025-11-28T04:29:00.000Z","2025-11-28T12:00:00.000Z","late","7.516666666666667"
"2025-11-28","EMP008","Employee 8","employee8@example.com","HR","2025-11-28T03:30:00.000Z","2025-11-28T12:00:00.000Z","present","8.5"
"2025-11-28","EMP004","Employee 4","employee4@example.com","Sales","2025-11-28T03:30:00.000Z","2025-11-28T12:00:00.000Z","present","8.5"
"2025-11-28","EMP015","Employee 15","employee15@example.com","Engineering","2025-11-28T03:30:00.000Z","2025-11-28T12:00:00.000Z","present","8.5"
"2025-11-28","EMP018","Employee 18","employee18@example.com","Engineering","2025-11-28T03:30:00.000Z","2025-11-28T12:00:00.000Z","present","8.5"
"2025-11-28","EMP007","Employee 7","employee7@example.com","Sales","2025-11-28T03:30:00.000Z","2025-11-28T12:00:00.000Z","present","8.5"
"2025-11-28","EMP016","Employee 16","employee16@example.com","Sales","2025-11-28T03:30:00.000Z","2025-11-28T12:00:00.000Z","present","8.5"
"2025-11-28","EMP017","Employee 17","employee17@example.com","HR","2025-11-28T03:56:00.000Z","2025-11-28T12:00:00.000Z","late","8.066666666666666"
"2025-11-27","EMP015","Employee 15","employee15@example.com","Engineering","","","absent","0"
"2025-11-27","EMP003","Employee 3","employee3@example.com","Engineering","2025-11-27T03:30:00.000Z","2025-11-27T12:00:00.000Z","present","8.5"
"2025-11-27","EMP008","Employee 8","employee8@example.com","HR","2025-11-27T04:02:00.000Z","2025-11-27T12:00:00.000Z","late","7.966666666666667"
"2025-11-27","EMP006","Employee 6","employee6@example.com","Engineering","2025-11-27T04:14:00.000Z","2025-11-27T12:00:00.000Z","late","7.766666666666667"
"2025-11-27","EMP002","Employee 2","employee2@example.com","HR","2025-11-27T04:13:00.000Z","2025-11-27T12:00:00.000Z","late","7.783333333333333"
"2025-11-27","EMP010","Employee 10","employee10@example.com","Sales","2025-11-27T03:30:00.000Z","2025-11-27T12:00:00.000Z","present","8.5"
"2025-11-27","EMP004","Employee 4","employee4@example.com","Sales","2025-11-27T03:30:00.000Z","2025-11-27T12:00:00.000Z","present","8.5"
"2025-11-27","EMP020","Employee 20","employee20@example.com","HR","2025-11-27T03:30:00.000Z","2025-11-27T12:00:00.000Z","present","8.5"
"2025-11-27","EMP013","Employee 13","employee13@example.com","Sales","2025-11-27T03:30:00.000Z","2025-11-27T12:00:00.000Z","present","8.5"
"2025-11-27","EMP018","Employee 18","employee18@example.com","Engineering","2025-11-27T03:30:00.000Z","2025-11-27T12:00:00.000Z","present","8.5"
"2025-11-27","EMP009","Employee 9","employee9@example.com","Engineering","2025-11-27T03:30:00.000Z","2025-11-27T12:00:00.000Z","present","8.5"
"2025-11-27","EMP016","Employee 16","employee16@example.com","Sales","2025-11-27T03:53:00.000Z","2025-11-27T12:00:00.000Z","late","8.116666666666667"
"2025-11-27","EMP014","Employee 14","employee14@example.com","HR","2025-11-27T03:30:00.000Z","2025-11-27T12:00:00.000Z","present","8.5"
"2025-11-27","EMP019","Employee 19","employee19@example.com","Sales","2025-11-27T03:30:00.000Z","2025-11-27T12:00:00.000Z","present","8.5"
"2025-11-27","EMP005","Employee 5","employee5@example.com","HR","2025-11-27T03:30:00.000Z","2025-11-27T12:00:00.000Z","present","8.5"
"2025-11-27","EMP001","Employee 1","employee1@example.com","Sales","2025-11-27T03:30:00.000Z","2025-11-27T12:00:00.000Z","present","8.5"
"2025-11-27","EMP012","Employee 12","employee12@example.com","Engineering","2025-11-27T03:30:00.000Z","2025-11-27T12:00:00.000Z","present","8.5"
"2025-11-27","EMP011","Employee 11","employee11@example.com","HR","2025-11-27T03:30:00.000Z","2025-11-27T12:00:00.000Z","present","8.5"
"2025-11-27","EMP007","Employee 7","employee7@example.com","Sales","2025-11-27T03:46:00.000Z","2025-11-27T12:00:00.000Z","late","8.233333333333333"
"2025-11-27","EMP017","Employee 17","employee17@example.com","HR","2025-11-27T03:30:00.000Z","2025-11-27T12:00:00.000Z","present","8.5"
"2025-11-26","EMP009","Employee 9","employee9@example.com","Engineering","2025-11-26T03:42:00.000Z","2025-11-26T12:00:00.000Z","late","8.3"
"2025-11-26","EMP006","Employee 6","employee6@example.com","Engineering","2025-11-26T03:30:00.000Z","2025-11-26T08:00:00.000Z","half-day","4.5"
"2025-11-26","EMP003","Employee 3","employee3@example.com","Engineering","2025-11-26T03:30:00.000Z","2025-11-26T12:00:00.000Z","present","8.5"
"2025-11-26","EMP011","Employee 11","employee11@example.com","HR","2025-11-26T03:30:00.000Z","2025-11-26T12:00:00.000Z","present","8.5"
"2025-11-26","EMP013","Employee 13","employee13@example.com","Sales","2025-11-26T03:30:00.000Z","2025-11-26T12:00:00.000Z","present","8.5"
"2025-11-26","EMP014","Employee 14","employee14@example.com","HR","2025-11-26T03:30:00.000Z","2025-11-26T12:00:00.000Z","present","8.5"
"2025-11-26","EMP002","Employee 2","employee2@example.com","HR","2025-11-26T03:30:00.000Z","2025-11-26T12:00:00.000Z","present","8.5"
"2025-11-26","EMP008","Employee 8","employee8@example.com","HR","2025-11-26T03:30:00.000Z","2025-11-26T12:00:00.000Z","present","8.5"
"2025-11-26","EMP016","Employee 16","employee16@example.com","Sales","2025-11-26T03:30:00.000Z","2025-11-26T12:00:00.000Z","present","8.5"
"2025-11-26","EMP018","Employee 18","employee18@example.com","Engineering","2025-11-26T03:30:00.000Z","2025-11-26T12:00:00.000Z","present","8.5"
"2025-11-26","EMP020","Employee 20","employee20@example.com","HR","2025-11-26T03:30:00.000Z","2025-11-26T12:00:00.000Z","present","8.5"
"2025-11-26","EMP004","Employee 4","employee4@example.com","Sales","2025-11-26T03:30:00.000Z","2025-11-26T12:00:00.000Z","present","8.5"
"2025-11-26","EMP015","Employee 15","employee15@example.com","Engineering","2025-11-26T03:58:00.000Z","2025-11-26T12:00:00.000Z","late","8.033333333333333"
"2025-11-26","EMP001","Employee 1","employee1@example.com","Sales","","","absent","0"
"2025-11-26","EMP010","Employee 10","employee10@example.com","Sales","2025-11-26T03:30:00.000Z","2025-11-26T12:00:00.000Z","present","8.5"
"2025-11-26","EMP007","Employee 7","employee7@example.com","Sales","","","absent","0"
"2025-11-26","EMP017","Employee 17","employee17@example.com","HR","2025-11-26T03:30:00.000Z","2025-11-26T12:00:00.000Z","present","8.5"
"2025-11-26","EMP012","Employee 12","employee12@example.com","Engineering","2025-11-26T03:30:00.000Z","2025-11-26T12:00:00.000Z","present","8.5"
"2025-11-26","EMP005","Employee 5","employee5@example.com","HR","2025-11-26T03:30:00.000Z","2025-11-26T12:00:00.000Z","present","8.5"
"2025-11-26","EMP019","Employee 19","employee19@example.com","Sales","2025-11-26T03:30:00.000Z","2025-11-26T12:00:00.000Z","present","8.5"
"2025-11-25","EMP011","Employee 11","employee11@example.com","HR","","","absent","0"
"2025-11-25","EMP001","Employee 1","employee1@example.com","Sales","2025-11-25T03:30:00.000Z","2025-11-25T12:00:00.000Z","present","8.5"
"2025-11-25","EMP008","Employee 8","employee8@example.com","HR","2025-11-25T03:30:00.000Z","2025-11-25T12:00:00.000Z","present","8.5"
"2025-11-25","EMP009","Employee 9","employee9@example.com","Engineering","2025-11-25T03:30:00.000Z","2025-11-25T12:00:00.000Z","present","8.5"
"2025-11-25","EMP015","Employee 15","employee15@example.com","Engineering","2025-11-25T03:30:00.000Z","2025-11-25T08:00:00.000Z","half-day","4.5"
"2025-11-25","EMP010","Employee 10","employee10@example.com","Sales","2025-11-25T03:40:00.000Z","2025-11-25T12:00:00.000Z","late","8.333333333333334"
"2025-11-25","EMP007","Employee 7","employee7@example.com","Sales","","","absent","0"
"2025-11-25","EMP006","Employee 6","employee6@example.com","Engineering","2025-11-25T03:30:00.000Z","2025-11-25T12:00:00.000Z","present","8.5"
"2025-11-25","EMP012","Employee 12","employee12@example.com","Engineering","2025-11-25T03:30:00.000Z","2025-11-25T12:00:00.000Z","present","8.5"
"2025-11-25","EMP017","Employee 17","employee17@example.com","HR","2025-11-25T03:30:00.000Z","2025-11-25T12:00:00.000Z","present","8.5"
"2025-11-25","EMP019","Employee 19","employee19@example.com","Sales","2025-11-25T04:27:00.000Z","2025-11-25T12:00:00.000Z","late","7.55"
"2025-11-25","EMP013","Employee 13","employee13@example.com","Sales","2025-11-25T03:30:00.000Z","2025-11-25T12:00:00.000Z","present","8.5"
"2025-11-25","EMP002","Employee 2","employee2@example.com","HR","2025-11-25T03:30:00.000Z","2025-11-25T08:00:00.000Z","half-day","4.5"
"2025-11-25","EMP014","Employee 14","employee14@example.com","HR","2025-11-25T03:30:00.000Z","2025-11-25T12:00:00.000Z","present","8.5"
"2025-11-25","EMP003","Employee 3","employee3@example.com","Engineering","2025-11-25T03:30:00.000Z","2025-11-25T12:00:00.000Z","present","8.5"
"2025-11-25","EMP005","Employee 5","employee5@example.com","HR","2025-11-25T03:30:00.000Z","2025-11-25T12:00:00.000Z","present","8.5"
"2025-11-25","EMP016","Employee 16","employee16@example.com","Sales","2025-11-25T03:30:00.000Z","2025-11-25T12:00:00.000Z","present","8.5"
"2025-11-25","EMP018","Employee 18","employee18@example.com","Engineering","2025-11-25T03:30:00.000Z","2025-11-25T12:00:00.000Z","present","8.5"
"2025-11-25","EMP004","Employee 4","employee4@example.com","Sales","2025-11-25T03:30:00.000Z","2025-11-25T12:00:00.000Z","present","8.5"
"2025-11-25","EMP020","Employee 20","employee20@example.com","HR","2025-11-25T03:30:00.000Z","2025-11-25T12:00:00.000Z","present","8.5"
"2025-11-24","EMP002","Employee 2","employee2@example.com","HR","2025-11-24T03:37:00.000Z","2025-11-24T12:00:00.000Z","late","8.383333333333333"
"2025-11-24","EMP001","Employee 1","employee1@example.com","Sales","2025-11-24T03:30:00.000Z","2025-11-24T12:00:00.000Z","present","8.5"
"2025-11-24","EMP006","Employee 6","employee6@example.com","Engineering","2025-11-24T03:30:00.000Z","2025-11-24T12:00:00.000Z","present","8.5"
"2025-11-24","EMP018","Employee 18","employee18@example.com","Engineering","2025-11-24T03:30:00.000Z","2025-11-24T12:00:00.000Z","present","8.5"
"2025-11-24","EMP016","Employee 16","employee16@example.com","Sales","2025-11-24T03:30:00.000Z","2025-11-24T12:00:00.000Z","present","8.5"
"2025-11-24","EMP009","Employee 9","employee9@example.com","Engineering","2025-11-24T03:30:00.000Z","2025-11-24T12:00:00.000Z","present","8.5"
"2025-11-24","EMP008","Employee 8","employee8@example.com","HR","2025-11-24T03:30:00.000Z","2025-11-24T12:00:00.000Z","present","8.5"
"2025-11-24","EMP003","Employee 3","employee3@example.com","Engineering","2025-11-24T03:30:00.000Z","2025-11-24T12:00:00.000Z","present","8.5"
"2025-11-24","EMP020","Employee 20","employee20@example.com","HR","2025-11-24T03:30:00.000Z","2025-11-24T12:00:00.000Z","present","8.5"
"2025-11-24","EMP007","Employee 7","employee7@example.com","Sales","2025-11-24T03:30:00.000Z","2025-11-24T12:00:00.000Z","present","8.5"
"2025-11-24","EMP005","Employee 5","employee5@example.com","HR","2025-11-24T03:30:00.000Z","2025-11-24T12:00:00.000Z","present","8.5"
"2025-11-24","EMP019","Employee 19","employee19@example.com","Sales","2025-11-24T03:30:00.000Z","2025-11-24T12:00:00.000Z","present","8.5"
"2025-11-24","EMP014","Employee 14","employee14@example.com","HR","2025-11-24T03:30:00.000Z","2025-11-24T12:00:00.000Z","present","8.5"
"2025-11-24","EMP004","Employee 4","employee4@example.com","Sales","2025-11-24T03:30:00.000Z","2025-11-24T08:00:00.000Z","half-day","4.5"
"2025-11-24","EMP010","Employee 10","employee10@example.com","Sales","2025-11-24T03:30:00.000Z","2025-11-24T12:00:00.000Z","present","8.5"
"2025-11-24","EMP012","Employee 12","employee12@example.com","Engineering","2025-11-24T03:30:00.000Z","2025-11-24T12:00:00.000Z","present","8.5"
"2025-11-24","EMP015","Employee 15","employee15@example.com","Engineering","2025-11-24T03:30:00.000Z","2025-11-24T12:00:00.000Z","present","8.5"
"2025-11-24","EMP017","Employee 17","employee17@example.com","HR","2025-11-24T03:30:00.000Z","2025-11-24T12:00:00.000Z","present","8.5"
"2025-11-24","EMP013","Employee 13","employee13@example.com","Sales","2025-11-24T03:30:00.000Z","2025-11-24T12:00:00.000Z","present","8.5"
"2025-11-24","EMP011","Employee 11","employee11@example.com","HR","2025-11-24T03:30:00.000Z","2025-11-24T12:00:00.000Z","present","8.5"
"2025-11-23","EMP002","Employee 2","employee2@example.com","HR","2025-11-23T03:30:00.000Z","2025-11-23T12:00:00.000Z","present","8.5"
"2025-11-23","EMP011","Employee 11","employee11@example.com","HR","2025-11-23T03:30:00.000Z","2025-11-23T12:00:00.000Z","present","8.5"
"2025-11-23","EMP020","Employee 20","employee20@example.com","HR","2025-11-23T03:30:00.000Z","2025-11-23T12:00:00.000Z","present","8.5"
"2025-11-23","EMP019","Employee 19","employee19@example.com","Sales","","","absent","0"
"2025-11-23","EMP003","Employee 3","employee3@example.com","Engineering","2025-11-23T03:30:00.000Z","2025-11-23T12:00:00.000Z","present","8.5"
"2025-11-23","EMP018","Employee 18","employee18@example.com","Engineering","2025-11-23T03:30:00.000Z","2025-11-23T12:00:00.000Z","present","8.5"
"2025-11-23","EMP004","Employee 4","employee4@example.com","Sales","2025-11-23T03:30:00.000Z","2025-11-23T12:00:00.000Z","present","8.5"
"2025-11-23","EMP017","Employee 17","employee17@example.com","HR","2025-11-23T03:30:00.000Z","2025-11-23T12:00:00.000Z","present","8.5"
"2025-11-23","EMP005","Employee 5","employee5@example.com","HR","2025-11-23T03:30:00.000Z","2025-11-23T12:00:00.000Z","present","8.5"
"2025-11-23","EMP016","Employee 16","employee16@example.com","Sales","2025-11-23T03:30:00.000Z","2025-11-23T12:00:00.000Z","present","8.5"
"2025-11-23","EMP006","Employee 6","employee6@example.com","Engineering","2025-11-23T03:30:00.000Z","2025-11-23T12:00:00.000Z","present","8.5"
"2025-11-23","EMP015","Employee 15","employee15@example.com","Engineering","2025-11-23T03:30:00.000Z","2025-11-23T12:00:00.000Z","present","8.5"
"2025-11-23","EMP007","Employee 7","employee7@example.com","Sales","2025-11-23T03:30:00.000Z","2025-11-23T12:00:00.000Z","present","8.5"
"2025-11-23","EMP001","Employee 1","employee1@example.com","Sales","","","absent","0"
"2025-11-23","EMP014","Employee 14","employee14@example.com","HR","2025-11-23T04:13:00.000Z","2025-11-23T12:00:00.000Z","late","7.783333333333333"
"2025-11-23","EMP008","Employee 8","employee8@example.com","HR","2025-11-23T03:30:00.000Z","2025-11-23T08:00:00.000Z","half-day","4.5"
"2025-11-23","EMP009","Employee 9","employee9@example.com","Engineering","2025-11-23T03:30:00.000Z","2025-11-23T12:00:00.000Z","present","8.5"
"2025-11-23","EMP013","Employee 13","employee13@example.com","Sales","2025-11-23T03:30:00.000Z","2025-11-23T12:00:00.000Z","present","8.5"
"2025-11-23","EMP010","Employee 10","employee10@example.com","Sales","2025-11-23T03:36:00.000Z","2025-11-23T12:00:00.000Z","late","8.4"
"2025-11-23","EMP012","Employee 12","employee12@example.com","Engineering","2025-11-23T03:30:00.000Z","2025-11-23T12:00:00.000Z","present","8.5"
"2025-11-22","EMP017","Employee 17","employee17@example.com","HR","2025-11-22T03:30:00.000Z","2025-11-22T12:00:00.000Z","present","8.5"
"2025-11-22","EMP019","Employee 19","employee19@example.com","Sales","2025-11-22T03:30:00.000Z","2025-11-22T12:00:00.000Z","present","8.5"
"2025-11-22","EMP012","Employee 12","employee12@example.com","Engineering","2025-11-22T03:30:00.000Z","2025-11-22T12:00:00.000Z","present","8.5"
"2025-11-22","EMP013","Employee 13","employee13@example.com","Sales","2025-11-22T03:30:00.000Z","2025-11-22T12:00:00.000Z","present","8.5"
"2025-11-22","EMP010","Employee 10","employee10@example.com","Sales","2025-11-22T03:30:00.000Z","2025-11-22T12:00:00.000Z","present","8.5"
"2025-11-22","EMP002","Employee 2","employee2@example.com","HR","2025-11-22T03:30:00.000Z","2025-11-22T12:00:00.000Z","present","8.5"
"2025-11-22","EMP011","Employee 11","employee11@example.com","HR","2025-11-22T03:30:00.000Z","2025-11-22T12:00:00.000Z","present","8.5"
"2025-11-22","EMP009","Employee 9","employee9@example.com","Engineering","2025-11-22T03:30:00.000Z","2025-11-22T12:00:00.000Z","present","8.5"
"2025-11-22","EMP007","Employee 7","employee7@example.com","Sales","2025-11-22T03:30:00.000Z","2025-11-22T12:00:00.000Z","present","8.5"
"2025-11-22","EMP001","Employee 1","employee1@example.com","Sales","2025-11-22T03:30:00.000Z","2025-11-22T12:00:00.000Z","present","8.5"
"2025-11-22","EMP020","Employee 20","employee20@example.com","HR","2025-11-22T03:30:00.000Z","2025-11-22T12:00:00.000Z","present","8.5"
"2025-11-22","EMP016","Employee 16","employee16@example.com","Sales","2025-11-22T03:30:00.000Z","2025-11-22T12:00:00.000Z","present","8.5"
"2025-11-22","EMP018","Employee 18","employee18@example.com","Engineering","2025-11-22T03:30:00.000Z","2025-11-22T12:00:00.000Z","present","8.5"
"2025-11-22","EMP004","Employee 4","employee4@example.com","Sales","2025-11-22T03:30:00.000Z","2025-11-22T12:00:00.000Z","present","8.5"
"2025-11-22","EMP006","Employee 6","employee6@example.com","Engineering","2025-11-22T03:30:00.000Z","2025-11-22T12:00:00.000Z","present","8.5"
"2025-11-22","EMP014","Employee 14","employee14@example.com","HR","","","absent","0"
"2025-11-22","EMP008","Employee 8","employee8@example.com","HR","2025-11-22T03:39:00.000Z","2025-11-22T12:00:00.000Z","late","8.35"
"2025-11-22","EMP015","Employee 15","employee15@example.com","Engineering","2025-11-22T03:30:00.000Z","2025-11-22T12:00:00.000Z","present","8.5"
"2025-11-22","EMP003","Employee 3","employee3@example.com","Engineering","2025-11-22T03:30:00.000Z","2025-11-22T12:00:00.000Z","present","8.5"
"2025-11-22","EMP005","Employee 5","employee5@example.com","HR","2025-11-22T03:30:00.000Z","2025-11-22T12:00:00.000Z","present","8.5"
"2025-11-21","EMP008","Employee 8","employee8@example.com","HR","2025-11-21T03:30:00.000Z","2025-11-21T12:00:00.000Z","present","8.5"
"2025-11-21","EMP005","Employee 5","employee5@example.com","HR","2025-11-21T03:30:00.000Z","2025-11-21T12:00:00.000Z","present","8.5"
"2025-11-21","EMP019","Employee 19","employee19@example.com","Sales","2025-11-21T03:30:00.000Z","2025-11-21T12:00:00.000Z","present","8.5"
"2025-11-21","EMP013","Employee 13","employee13@example.com","Sales","2025-11-21T03:54:00.000Z","2025-11-21T12:00:00.000Z","late","8.1"
"2025-11-21","EMP003","Employee 3","employee3@example.com","Engineering","2025-11-21T03:30:00.000Z","2025-11-21T12:00:00.000Z","present","8.5"
"2025-11-21","EMP012","Employee 12","employee12@example.com","Engineering","2025-11-21T03:30:00.000Z","2025-11-21T08:00:00.000Z","half-day","4.5"
"2025-11-21","EMP015","Employee 15","employee15@example.com","Engineering","2025-11-21T03:30:00.000Z","2025-11-21T12:00:00.000Z","present","8.5"
"2025-11-21","EMP010","Employee 10","employee10@example.com","Sales","2025-11-21T03:30:00.000Z","2025-11-21T12:00:00.000Z","present","8.5"
"2025-11-21","EMP017","Employee 17","employee17@example.com","HR","2025-11-21T03:30:00.000Z","2025-11-21T12:00:00.000Z","present","8.5"
"2025-11-21","EMP020","Employee 20","employee20@example.com","HR","2025-11-21T03:30:00.000Z","2025-11-21T12:00:00.000Z","present","8.5"
"2025-11-21","EMP016","Employee 16","employee16@example.com","Sales","2025-11-21T03:30:00.000Z","2025-11-21T12:00:00.000Z","present","8.5"
"2025-11-21","EMP007","Employee 7","employee7@example.com","Sales","2025-11-21T03:46:00.000Z","2025-11-21T12:00:00.000Z","late","8.233333333333333"
"2025-11-21","EMP002","Employee 2","employee2@example.com","HR","2025-11-21T03:30:00.000Z","2025-11-21T12:00:00.000Z","present","8.5"
"2025-11-21","EMP004","Employee 4","employee4@example.com","Sales","2025-11-21T03:30:00.000Z","2025-11-21T12:00:00.000Z","present","8.5"
"2025-11-21","EMP001","Employee 1","employee1@example.com","Sales","2025-11-21T03:30:00.000Z","2025-11-21T12:00:00.000Z","present","8.5"
"2025-11-21","EMP009","Employee 9","employee9@example.com","Engineering","2025-11-21T03:30:00.000Z","2025-11-21T12:00:00.000Z","present","8.5"
"2025-11-21","EMP006","Employee 6","employee6@example.com","Engineering","2025-11-21T03:30:00.000Z","2025-11-21T12:00:00.000Z","present","8.5"
"2025-11-21","EMP014","Employee 14","employee14@example.com","HR","2025-11-21T03:49:00.000Z","2025-11-21T12:00:00.000Z","late","8.183333333333334"
"2025-11-21","EMP011","Employee 11","employee11@example.com","HR","","","absent","0"
"2025-11-21","EMP018","Employee 18","employee18@example.com","Engineering","","","absent","0"
"2025-11-20","EMP004","Employee 4","employee4@example.com","Sales","2025-11-20T03:30:00.000Z","2025-11-20T12:00:00.000Z","present","8.5"
"2025-11-20","EMP018","Employee 18","employee18@example.com","Engineering","2025-11-20T03:30:00.000Z","2025-11-20T12:00:00.000Z","present","8.5"
"2025-11-20","EMP005","Employee 5","employee5@example.com","HR","2025-11-20T03:30:00.000Z","2025-11-20T12:00:00.000Z","present","8.5"
"2025-11-20","EMP009","Employee 9","employee9@example.com","Engineering","2025-11-20T03:30:00.000Z","2025-11-20T12:00:00.000Z","present","8.5"
"2025-11-20","EMP006","Employee 6","employee6@example.com","Engineering","2025-11-20T03:30:00.000Z","2025-11-20T12:00:00.000Z","present","8.5"
"2025-11-20","EMP019","Employee 19","employee19@example.com","Sales","2025-11-20T03:44:00.000Z","2025-11-20T12:00:00.000Z","late","8.266666666666667"
"2025-11-20","EMP014","Employee 14","employee14@example.com","HR","2025-11-20T03:30:00.000Z","2025-11-20T12:00:00.000Z","present","8.5"
"2025-11-20","EMP003","Employee 3","employee3@example.com","Engineering","2025-11-20T03:30:00.000Z","2025-11-20T12:00:00.000Z","present","8.5"
"2025-11-20","EMP015","Employee 15","employee15@example.com","Engineering","2025-11-20T03:30:00.000Z","2025-11-20T12:00:00.000Z","present","8.5"
"2025-11-20","EMP013","Employee 13","employee13@example.com","Sales","2025-11-20T03:30:00.000Z","2025-11-20T08:00:00.000Z","half-day","4.5"
"2025-11-20","EMP010","Employee 10","employee10@example.com","Sales","2025-11-20T03:30:00.000Z","2025-11-20T12:00:00.000Z","present","8.5"
"2025-11-20","EMP001","Employee 1","employee1@example.com","Sales","2025-11-20T04:16:00.000Z","2025-11-20T12:00:00.000Z","late","7.733333333333333"
"2025-11-20","EMP007","Employee 7","employee7@example.com","Sales","2025-11-20T03:30:00.000Z","2025-11-20T12:00:00.000Z","present","8.5"
"2025-11-20","EMP012","Employee 12","employee12@example.com","Engineering","2025-11-20T03:30:00.000Z","2025-11-20T12:00:00.000Z","present","8.5"
"2025-11-20","EMP020","Employee 20","employee20@example.com","HR","2025-11-20T03:30:00.000Z","2025-11-20T12:00:00.000Z","present","8.5"
"2025-11-20","EMP011","Employee 11","employee11@example.com","HR","2025-11-20T03:30:00.000Z","2025-11-20T12:00:00.000Z","present","8.5"
"2025-11-20","EMP008","Employee 8","employee8@example.com","HR","2025-11-20T03:30:00.000Z","2025-11-20T12:00:00.000Z","present","8.5"
"2025-11-20","EMP002","Employee 2","employee2@example.com","HR","2025-11-20T03:30:00.000Z","2025-11-20T12:00:00.000Z","present","8.5"
"2025-11-20","EMP016","Employee 16","employee16@example.com","Sales","2025-11-20T03:30:00.000Z","2025-11-20T12:00:00.000Z","present","8.5"
"2025-11-20","EMP017","Employee 17","employee17@example.com","HR","2025-11-20T03:30:00.000Z","2025-11-20T12:00:00.000Z","present","8.5"
"2025-11-19","EMP003","Employee 3","employee3@example.com","Engineering","2025-11-19T03:30:00.000Z","2025-11-19T12:00:00.000Z","present","8.5"
"2025-11-19","EMP006","Employee 6","employee6@example.com","Engineering","2025-11-19T04:15:00.000Z","2025-11-19T12:00:00.000Z","late","7.75"
"2025-11-19","EMP005","Employee 5","employee5@example.com","HR","2025-11-19T03:30:00.000Z","2025-11-19T12:00:00.000Z","present","8.5"
"2025-11-19","EMP015","Employee 15","employee15@example.com","Engineering","2025-11-19T03:30:00.000Z","2025-11-19T12:00:00.000Z","present","8.5"
"2025-11-19","EMP017","Employee 17","employee17@example.com","HR","2025-11-19T03:30:00.000Z","2025-11-19T12:00:00.000Z","late","8.5"
"2025-11-19","EMP001","Employee 1","employee1@example.com","Sales","2025-11-19T03:30:00.000Z","2025-11-19T12:00:00.000Z","present","8.5"
"2025-11-19","EMP007","Employee 7","employee7@example.com","Sales","2025-11-19T03:30:00.000Z","2025-11-19T12:00:00.000Z","present","8.5"
"2025-11-19","EMP004","Employee 4","employee4@example.com","Sales","2025-11-19T03:30:00.000Z","2025-11-19T12:00:00.000Z","present","8.5"
"2025-11-19","EMP014","Employee 14","employee14@example.com","HR","2025-11-19T03:30:00.000Z","2025-11-19T12:00:00.000Z","present","8.5"
"2025-11-19","EMP018","Employee 18","employee18@example.com","Engineering","2025-11-19T03:30:00.000Z","2025-11-19T12:00:00.000Z","present","8.5"
"2025-11-19","EMP008","Employee 8","employee8@example.com","HR","2025-11-19T03:30:00.000Z","2025-11-19T12:00:00.000Z","present","8.5"
"2025-11-19","EMP013","Employee 13","employee13@example.com","Sales","2025-11-19T03:30:00.000Z","2025-11-19T12:00:00.000Z","present","8.5"
"2025-11-19","EMP019","Employee 19","employee19@example.com","Sales","2025-11-19T03:30:00.000Z","2025-11-19T12:00:00.000Z","present","8.5"
"2025-11-19","EMP009","Employee 9","employee9@example.com","Engineering","2025-11-19T03:30:00.000Z","2025-11-19T12:00:00.000Z","present","8.5"
"2025-11-19","EMP002","Employee 2","employee2@example.com","HR","2025-11-19T03:30:00.000Z","2025-11-19T12:00:00.000Z","present","8.5"
"2025-11-19","EMP012","Employee 12","employee12@example.com","Engineering","2025-11-19T03:30:00.000Z","2025-11-19T12:00:00.000Z","present","8.5"
"2025-11-19","EMP020","Employee 20","employee20@example.com","HR","2025-11-19T03:30:00.000Z","2025-11-19T12:00:00.000Z","present","8.5"
"2025-11-19","EMP010","Employee 10","employee10@example.com","Sales","2025-11-19T03:30:00.000Z","2025-11-19T12:00:00.000Z","present","8.5"
"2025-11-19","EMP011","Employee 11","employee11@example.com","HR","2025-11-19T03:30:00.000Z","2025-11-19T12:00:00.000Z","present","8.5"
"2025-11-19","EMP016","Employee 16","employee16@example.com","Sales","2025-11-19T04:06:00.000Z","2025-11-19T12:00:00.000Z","late","7.9"
"2025-11-18","EMP002","Employee 2","employee2@example.com","HR","2025-11-18T03:30:00.000Z","2025-11-18T12:00:00.000Z","present","8.5"
"2025-11-18","EMP016","Employee 16","employee16@example.com","Sales","","","absent","0"
"2025-11-18","EMP005","Employee 5","employee5@example.com","HR","2025-11-18T03:30:00.000Z","2025-11-18T08:00:00.000Z","half-day","4.5"
"2025-11-18","EMP017","Employee 17","employee17@example.com","HR","","","absent","0"
"2025-11-18","EMP011","Employee 11","employee11@example.com","HR","2025-11-18T03:30:00.000Z","2025-11-18T12:00:00.000Z","present","8.5"
"2025-11-18","EMP020","Employee 20","employee20@example.com","HR","2025-11-18T03:30:00.000Z","2025-11-18T12:00:00.000Z","present","8.5"
"2025-11-18","EMP018","Employee 18","employee18@example.com","Engineering","2025-11-18T04:05:00.000Z","2025-11-18T12:00:00.000Z","late","7.916666666666667"
"2025-11-18","EMP012","Employee 12","employee12@example.com","Engineering","2025-11-18T03:30:00.000Z","2025-11-18T12:00:00.000Z","present","8.5"
"2025-11-18","EMP014","Employee 14","employee14@example.com","HR","2025-11-18T03:30:00.000Z","2025-11-18T12:00:00.000Z","present","8.5"
"2025-11-18","EMP013","Employee 13","employee13@example.com","Sales","2025-11-18T03:30:00.000Z","2025-11-18T12:00:00.000Z","present","8.5"
"2025-11-18","EMP007","Employee 7","employee7@example.com","Sales","2025-11-18T03:42:00.000Z","2025-11-18T12:00:00.000Z","late","8.3"
"2025-11-18","EMP006","Employee 6","employee6@example.com","Engineering","2025-11-18T03:30:00.000Z","2025-11-18T12:00:00.000Z","present","8.5"
"2025-11-18","EMP009","Employee 9","employee9@example.com","Engineering","2025-11-18T03:30:00.000Z","2025-11-18T12:00:00.000Z","present","8.5"
"2025-11-18","EMP019","Employee 19","employee19@example.com","Sales","2025-11-18T03:30:00.000Z","2025-11-18T08:00:00.000Z","half-day","4.5"
"2025-11-18","EMP010","Employee 10","employee10@example.com","Sales","2025-11-18T03:30:00.000Z","2025-11-18T12:00:00.000Z","present","8.5"
"2025-11-18","EMP015","Employee 15","employee15@example.com","Engineering","2025-11-18T03:30:00.000Z","2025-11-18T12:00:00.000Z","present","8.5"
"2025-11-18","EMP004","Employee 4","employee4@example.com","Sales","2025-11-18T03:30:00.000Z","2025-11-18T12:00:00.000Z","present","8.5"
"2025-11-18","EMP008","Employee 8","employee8@example.com","HR","2025-11-18T03:30:00.000Z","2025-11-18T12:00:00.000Z","present","8.5"
"2025-11-18","EMP001","Employee 1","employee1@example.com","Sales","2025-11-18T03:30:00.000Z","2025-11-18T12:00:00.000Z","present","8.5"
"2025-11-18","EMP003","Employee 3","employee3@example.com","Engineering","2025-11-18T03:30:00.000Z","2025-11-18T12:00:00.000Z","present","8.5"
"2025-11-17","EMP015","Employee 15","employee15@example.com","Engineering","2025-11-17T03:30:00.000Z","2025-11-17T12:00:00.000Z","present","8.5"
"2025-11-17","EMP018","Employee 18","employee18@example.com","Engineering","2025-11-17T03:30:00.000Z","2025-11-17T12:00:00.000Z","present","8.5"
"2025-11-17","EMP019","Employee 19","employee19@example.com","Sales","2025-11-17T03:30:00.000Z","2025-11-17T12:00:00.000Z","present","8.5"
"2025-11-17","EMP014","Employee 14","employee14@example.com","HR","","","absent","0"
"2025-11-17","EMP009","Employee 9","employee9@example.com","Engineering","2025-11-17T03:51:00.000Z","2025-11-17T12:00:00.000Z","late","8.15"
"2025-11-17","EMP011","Employee 11","employee11@example.com","HR","2025-11-17T03:30:00.000Z","2025-11-17T12:00:00.000Z","present","8.5"
"2025-11-17","EMP002","Employee 2","employee2@example.com","HR","2025-11-17T03:30:00.000Z","2025-11-17T12:00:00.000Z","present","8.5"
"2025-11-17","EMP004","Employee 4","employee4@example.com","Sales","2025-11-17T03:30:00.000Z","2025-11-17T12:00:00.000Z","present","8.5"
"2025-11-17","EMP012","Employee 12","employee12@example.com","Engineering","2025-11-17T03:30:00.000Z","2025-11-17T12:00:00.000Z","present","8.5"
"2025-11-17","EMP016","Employee 16","employee16@example.com","Sales","2025-11-17T03:30:00.000Z","2025-11-17T12:00:00.000Z","present","8.5"
"2025-11-17","EMP007","Employee 7","employee7@example.com","Sales","2025-11-17T03:30:00.000Z","2025-11-17T12:00:00.000Z","present","8.5"
"2025-11-17","EMP017","Employee 17","employee17@example.com","HR","2025-11-17T04:05:00.000Z","2025-11-17T12:00:00.000Z","late","7.916666666666667"
"2025-11-17","EMP020","Employee 20","employee20@example.com","HR","2025-11-17T03:30:00.000Z","2025-11-17T12:00:00.000Z","present","8.5"
"2025-11-17","EMP001","Employee 1","employee1@example.com","Sales","2025-11-17T03:30:00.000Z","2025-11-17T08:00:00.000Z","half-day","4.5"
"2025-11-17","EMP010","Employee 10","employee10@example.com","Sales","2025-11-17T03:30:00.000Z","2025-11-17T12:00:00.000Z","present","8.5"
"2025-11-17","EMP008","Employee 8","employee8@example.com","HR","2025-11-17T04:23:00.000Z","2025-11-17T12:00:00.000Z","late","7.616666666666666"
"2025-11-17","EMP006","Employee 6","employee6@example.com","Engineering","2025-11-17T03:30:00.000Z","2025-11-17T12:00:00.000Z","present","8.5"
"2025-11-17","EMP005","Employee 5","employee5@example.com","HR","2025-11-17T03:30:00.000Z","2025-11-17T12:00:00.000Z","present","8.5"
"2025-11-17","EMP003","Employee 3","employee3@example.com","Engineering","2025-11-17T03:30:00.000Z","2025-11-17T08:00:00.000Z","half-day","4.5"
"2025-11-17","EMP013","Employee 13","employee13@example.com","Sales","2025-11-17T03:30:00.000Z","2025-11-17T12:00:00.000Z","present","8.5"
"2025-11-16","EMP014","Employee 14","employee14@example.com","HR","2025-11-16T03:30:00.000Z","2025-11-16T12:00:00.000Z","present","8.5"
"2025-11-16","EMP003","Employee 3","employee3@example.com","Engineering","2025-11-16T03:50:00.000Z","2025-11-16T12:00:00.000Z","late","8.166666666666666"
"2025-11-16","EMP009","Employee 9","employee9@example.com","Engineering","2025-11-16T03:30:00.000Z","2025-11-16T12:00:00.000Z","present","8.5"
"2025-11-16","EMP013","Employee 13","employee13@example.com","Sales","2025-11-16T03:30:00.000Z","2025-11-16T12:00:00.000Z","present","8.5"
"2025-11-16","EMP010","Employee 10","employee10@example.com","Sales","2025-11-16T04:16:00.000Z","2025-11-16T12:00:00.000Z","late","7.733333333333333"
"2025-11-16","EMP008","Employee 8","employee8@example.com","HR","2025-11-16T03:30:00.000Z","2025-11-16T12:00:00.000Z","present","8.5"
"2025-11-16","EMP015","Employee 15","employee15@example.com","Engineering","2025-11-16T03:30:00.000Z","2025-11-16T12:00:00.000Z","present","8.5"
"2025-11-16","EMP011","Employee 11","employee11@example.com","HR","2025-11-16T03:30:00.000Z","2025-11-16T12:00:00.000Z","present","8.5"
"2025-11-16","EMP006","Employee 6","employee6@example.com","Engineering","2025-11-16T03:30:00.000Z","2025-11-16T12:00:00.000Z","present","8.5"
"2025-11-16","EMP001","Employee 1","employee1@example.com","Sales","2025-11-16T03:30:00.000Z","2025-11-16T12:00:00.000Z","present","8.5"
"2025-11-16","EMP005","Employee 5","employee5@example.com","HR","2025-11-16T03:30:00.000Z","2025-11-16T12:00:00.000Z","present","8.5"
"2025-11-16","EMP017","Employee 17","employee17@example.com","HR","2025-11-16T03:30:00.000Z","2025-11-16T12:00:00.000Z","present","8.5"
"2025-11-16","EMP019","Employee 19","employee19@example.com","Sales","2025-11-16T03:30:00.000Z","2025-11-16T12:00:00.000Z","present","8.5"
"2025-11-16","EMP016","Employee 16","employee16@example.com","Sales","2025-11-16T03:38:00.000Z","2025-11-16T12:00:00.000Z","late","8.366666666666667"
"2025-11-16","EMP012","Employee 12","employee12@example.com","Engineering","2025-11-16T03:55:00.000Z","2025-11-16T12:00:00.000Z","late","8.083333333333334"
"2025-11-16","EMP018","Employee 18","employee18@example.com","Engineering","2025-11-16T03:30:00.000Z","2025-11-16T12:00:00.000Z","present","8.5"
"2025-11-16","EMP020","Employee 20","employee20@example.com","HR","2025-11-16T03:30:00.000Z","2025-11-16T12:00:00.000Z","present","8.5"
"2025-11-16","EMP007","Employee 7","employee7@example.com","Sales","2025-11-16T03:30:00.000Z","2025-11-16T12:00:00.000Z","present","8.5"
"2025-11-16","EMP004","Employee 4","employee4@example.com","Sales","2025-11-16T03:30:00.000Z","2025-11-16T12:00:00.000Z","present","8.5"
"2025-11-16","EMP002","Employee 2","employee2@example.com","HR","2025-11-16T03:30:00.000Z","2025-11-16T12:00:00.000Z","present","8.5"
"2025-11-15","EMP013","Employee 13","employee13@example.com","Sales","2025-11-15T03:32:00.000Z","2025-11-15T12:00:00.000Z","late","8.466666666666667"
"2025-11-15","EMP001","Employee 1","employee1@example.com","Sales","2025-11-15T03:30:00.000Z","2025-11-15T12:00:00.000Z","present","8.5"
"2025-11-15","EMP002","Employee 2","employee2@example.com","HR","","","absent","0"
"2025-11-15","EMP003","Employee 3","employee3@example.com","Engineering","2025-11-15T03:30:00.000Z","2025-11-15T12:00:00.000Z","present","8.5"
"2025-11-15","EMP004","Employee 4","employee4@example.com","Sales","2025-11-15T03:30:00.000Z","2025-11-15T12:00:00.000Z","present","8.5"
"2025-11-15","EMP005","Employee 5","employee5@example.com","HR","2025-11-15T03:30:00.000Z","2025-11-15T12:00:00.000Z","present","8.5"
"2025-11-15","EMP006","Employee 6","employee6@example.com","Engineering","2025-11-15T03:30:00.000Z","2025-11-15T08:00:00.000Z","half-day","4.5"
"2025-11-15","EMP007","Employee 7","employee7@example.com","Sales","2025-11-15T03:30:00.000Z","2025-11-15T12:00:00.000Z","present","8.5"
"2025-11-15","EMP008","Employee 8","employee8@example.com","HR","2025-11-15T03:30:00.000Z","2025-11-15T12:00:00.000Z","present","8.5"
"2025-11-15","EMP009","Employee 9","employee9@example.com","Engineering","2025-11-15T03:30:00.000Z","2025-11-15T12:00:00.000Z","present","8.5"
"2025-11-15","EMP010","Employee 10","employee10@example.com","Sales","2025-11-15T03:30:00.000Z","2025-11-15T12:00:00.000Z","present","8.5"
"2025-11-15","EMP011","Employee 11","employee11@example.com","HR","2025-11-15T03:30:00.000Z","2025-11-15T12:00:00.000Z","present","8.5"
"2025-11-15","EMP012","Employee 12","employee12@example.com","Engineering","2025-11-15T03:30:00.000Z","2025-11-15T12:00:00.000Z","present","8.5"
"2025-11-15","EMP014","Employee 14","employee14@example.com","HR","2025-11-15T03:30:00.000Z","2025-11-15T12:00:00.000Z","present","8.5"
"2025-11-15","EMP015","Employee 15","employee15@example.com","Engineering","2025-11-15T03:30:00.000Z","2025-11-15T12:00:00.000Z","present","8.5"
"2025-11-15","EMP016","Employee 16","employee16@example.com","Sales","2025-11-15T03:30:00.000Z","2025-11-15T12:00:00.000Z","present","8.5"
"2025-11-15","EMP017","Employee 17","employee17@example.com","HR","2025-11-15T03:30:00.000Z","2025-11-15T12:00:00.000Z","present","8.5"
"2025-11-15","EMP018","Employee 18","employee18@example.com","Engineering","2025-11-15T03:30:00.000Z","2025-11-15T12:00:00.000Z","present","8.5"
"2025-11-15","EMP019","Employee 19","employee19@example.com","Sales","2025-11-15T03:30:00.000Z","2025-11-15T12:00:00.000Z","present","8.5"
"2025-11-15","EMP020","Employee 20","employee20@example.com","HR","2025-11-15T03:30:00.000Z","2025-11-15T12:00:00.000Z","present","8.5"
"2025-11-14","EMP001","Employee 1","employee1@example.com","Sales","2025-11-14T03:30:00.000Z","2025-11-14T12:00:00.000Z","present","8.5"
"2025-11-14","EMP018","Employee 18","employee18@example.com","Engineering","2025-11-14T03:30:00.000Z","2025-11-14T12:00:00.000Z","present","8.5"
"2025-11-14","EMP002","Employee 2","employee2@example.com","HR","2025-11-14T03:30:00.000Z","2025-11-14T12:00:00.000Z","present","8.5"
"2025-11-14","EMP016","Employee 16","employee16@example.com","Sales","2025-11-14T03:30:00.000Z","2025-11-14T12:00:00.000Z","present","8.5"
"2025-11-14","EMP007","Employee 7","employee7@example.com","Sales","2025-11-14T03:30:00.000Z","2025-11-14T12:00:00.000Z","present","8.5"
"2025-11-14","EMP003","Employee 3","employee3@example.com","Engineering","2025-11-14T03:30:00.000Z","2025-11-14T12:00:00.000Z","present","8.5"
"2025-11-14","EMP012","Employee 12","employee12@example.com","Engineering","2025-11-14T03:46:00.000Z","2025-11-14T12:00:00.000Z","late","8.233333333333333"
"2025-11-14","EMP008","Employee 8","employee8@example.com","HR","2025-11-14T03:30:00.000Z","2025-11-14T12:00:00.000Z","present","8.5"
"2025-11-14","EMP005","Employee 5","employee5@example.com","HR","2025-11-14T03:30:00.000Z","2025-11-14T12:00:00.000Z","present","8.5"
"2025-11-14","EMP015","Employee 15","employee15@example.com","Engineering","2025-11-14T03:30:00.000Z","2025-11-14T12:00:00.000Z","present","8.5"
"2025-11-14","EMP004","Employee 4","employee4@example.com","Sales","2025-11-14T03:30:00.000Z","2025-11-14T12:00:00.000Z","present","8.5"
"2025-11-14","EMP014","Employee 14","employee14@example.com","HR","","","absent","0"
"2025-11-14","EMP020","Employee 20","employee20@example.com","HR","2025-11-14T03:30:00.000Z","2025-11-14T12:00:00.000Z","present","8.5"
"2025-11-14","EMP009","Employee 9","employee9@example.com","Engineering","2025-11-14T03:30:00.000Z","2025-11-14T12:00:00.000Z","present","8.5"
"2025-11-14","EMP019","Employee 19","employee19@example.com","Sales","2025-11-14T03:30:00.000Z","2025-11-14T12:00:00.000Z","present","8.5"
"2025-11-14","EMP013","Employee 13","employee13@example.com","Sales","2025-11-14T03:30:00.000Z","2025-11-14T12:00:00.000Z","present","8.5"
"2025-11-14","EMP006","Employee 6","employee6@example.com","Engineering","2025-11-14T03:30:00.000Z","2025-11-14T12:00:00.000Z","present","8.5"
"2025-11-14","EMP017","Employee 17","employee17@example.com","HR","2025-11-14T03:30:00.000Z","2025-11-14T12:00:00.000Z","present","8.5"
"2025-11-14","EMP011","Employee 11","employee11@example.com","HR","2025-11-14T03:30:00.000Z","2025-11-14T12:00:00.000Z","present","8.5"
"2025-11-14","EMP010","Employee 10","employee10@example.com","Sales","2025-11-14T03:30:00.000Z","2025-11-14T12:00:00.000Z","present","8.5"
"2025-11-13","EMP006","Employee 6","employee6@example.com","Engineering","2025-11-13T03:30:00.000Z","2025-11-13T12:00:00.000Z","present","8.5"
"2025-11-13","EMP016","Employee 16","employee16@example.com","Sales","2025-11-13T03:30:00.000Z","2025-11-13T12:00:00.000Z","present","8.5"
"2025-11-13","EMP018","Employee 18","employee18@example.com","Engineering","2025-11-13T04:09:00.000Z","2025-11-13T12:00:00.000Z","late","7.85"
"2025-11-13","EMP020","Employee 20","employee20@example.com","HR","2025-11-13T03:30:00.000Z","2025-11-13T12:00:00.000Z","present","8.5"
"2025-11-13","EMP008","Employee 8","employee8@example.com","HR","","","absent","0"
"2025-11-13","EMP005","Employee 5","employee5@example.com","HR","","","absent","0"
"2025-11-13","EMP010","Employee 10","employee10@example.com","Sales","2025-11-13T04:07:00.000Z","2025-11-13T12:00:00.000Z","late","7.883333333333334"
"2025-11-13","EMP001","Employee 1","employee1@example.com","Sales","2025-11-13T03:30:00.000Z","2025-11-13T12:00:00.000Z","present","8.5"
"2025-11-13","EMP015","Employee 15","employee15@example.com","Engineering","2025-11-13T03:30:00.000Z","2025-11-13T12:00:00.000Z","present","8.5"
"2025-11-13","EMP012","Employee 12","employee12@example.com","Engineering","2025-11-13T03:30:00.000Z","2025-11-13T12:00:00.000Z","present","8.5"
"2025-11-13","EMP007","Employee 7","employee7@example.com","Sales","","","absent","0"
"2025-11-13","EMP017","Employee 17","employee17@example.com","HR","2025-11-13T03:30:00.000Z","2025-11-13T12:00:00.000Z","present","8.5"
"2025-11-13","EMP019","Employee 19","employee19@example.com","Sales","2025-11-13T03:30:00.000Z","2025-11-13T12:00:00.000Z","present","8.5"
"2025-11-13","EMP002","Employee 2","employee2@example.com","HR","2025-11-13T03:30:00.000Z","2025-11-13T12:00:00.000Z","present","8.5"
"2025-11-13","EMP011","Employee 11","employee11@example.com","HR","2025-11-13T03:30:00.000Z","2025-11-13T12:00:00.000Z","present","8.5"
"2025-11-13","EMP004","Employee 4","employee4@example.com","Sales","2025-11-13T03:30:00.000Z","2025-11-13T12:00:00.000Z","present","8.5"
"2025-11-13","EMP009","Employee 9","employee9@example.com","Engineering","2025-11-13T03:30:00.000Z","2025-11-13T12:00:00.000Z","present","8.5"
"2025-11-13","EMP014","Employee 14","employee14@example.com","HR","2025-11-13T03:30:00.000Z","2025-11-13T12:00:00.000Z","present","8.5"
"2025-11-13","EMP003","Employee 3","employee3@example.com","Engineering","2025-11-13T03:30:00.000Z","2025-11-13T12:00:00.000Z","present","8.5"
"2025-11-13","EMP013","Employee 13","employee13@example.com","Sales","2025-11-13T03:30:00.000Z","2025-11-13T12:00:00.000Z","present","8.5"
"2025-11-12","EMP005","Employee 5","employee5@example.com","HR","2025-11-12T03:30:00.000Z","2025-11-12T12:00:00.000Z","present","8.5"
"2025-11-12","EMP003","Employee 3","employee3@example.com","Engineering","2025-11-12T03:30:00.000Z","2025-11-12T12:00:00.000Z","present","8.5"
"2025-11-12","EMP013","Employee 13","employee13@example.com","Sales","2025-11-12T03:30:00.000Z","2025-11-12T12:00:00.000Z","present","8.5"
"2025-11-12","EMP017","Employee 17","employee17@example.com","HR","2025-11-12T04:20:00.000Z","2025-11-12T12:00:00.000Z","late","7.666666666666667"
"2025-11-12","EMP014","Employee 14","employee14@example.com","HR","2025-11-12T03:30:00.000Z","2025-11-12T12:00:00.000Z","present","8.5"
"2025-11-12","EMP004","Employee 4","employee4@example.com","Sales","2025-11-12T03:30:00.000Z","2025-11-12T12:00:00.000Z","present","8.5"
"2025-11-12","EMP009","Employee 9","employee9@example.com","Engineering","2025-11-12T03:30:00.000Z","2025-11-12T12:00:00.000Z","present","8.5"
"2025-11-12","EMP018","Employee 18","employee18@example.com","Engineering","2025-11-12T03:30:00.000Z","2025-11-12T12:00:00.000Z","present","8.5"
"2025-11-12","EMP016","Employee 16","employee16@example.com","Sales","2025-11-12T03:30:00.000Z","2025-11-12T12:00:00.000Z","present","8.5"
"2025-11-12","EMP002","Employee 2","employee2@example.com","HR","2025-11-12T03:30:00.000Z","2025-11-12T12:00:00.000Z","present","8.5"
"2025-11-12","EMP006","Employee 6","employee6@example.com","Engineering","2025-11-12T03:30:00.000Z","2025-11-12T08:00:00.000Z","half-day","4.5"
"2025-11-12","EMP007","Employee 7","employee7@example.com","Sales","2025-11-12T03:30:00.000Z","2025-11-12T12:00:00.000Z","present","8.5"
"2025-11-12","EMP011","Employee 11","employee11@example.com","HR","2025-11-12T04:22:00.000Z","2025-11-12T12:00:00.000Z","late","7.633333333333334"
"2025-11-12","EMP012","Employee 12","employee12@example.com","Engineering","2025-11-12T03:48:00.000Z","2025-11-12T12:00:00.000Z","late","8.2"
"2025-11-12","EMP001","Employee 1","employee1@example.com","Sales","2025-11-12T03:30:00.000Z","2025-11-12T12:00:00.000Z","present","8.5"
"2025-11-12","EMP010","Employee 10","employee10@example.com","Sales","2025-11-12T03:30:00.000Z","2025-11-12T12:00:00.000Z","present","8.5"
"2025-11-12","EMP015","Employee 15","employee15@example.com","Engineering","2025-11-12T04:14:00.000Z","2025-11-12T12:00:00.000Z","late","7.766666666666667"
"2025-11-12","EMP020","Employee 20","employee20@example.com","HR","2025-11-12T03:30:00.000Z","2025-11-12T12:00:00.000Z","present","8.5"
"2025-11-12","EMP019","Employee 19","employee19@example.com","Sales","2025-11-12T03:30:00.000Z","2025-11-12T12:00:00.000Z","present","8.5"
"2025-11-12","EMP008","Employee 8","employee8@example.com","HR","2025-11-12T03:30:00.000Z","2025-11-12T12:00:00.000Z","present","8.5"
"2025-11-11","EMP015","Employee 15","employee15@example.com","Engineering","2025-11-11T03:30:00.000Z","2025-11-11T12:00:00.000Z","present","8.5"
"2025-11-11","EMP006","Employee 6","employee6@example.com","Engineering","2025-11-11T03:30:00.000Z","2025-11-11T12:00:00.000Z","present","8.5"
"2025-11-11","EMP010","Employee 10","employee10@example.com","Sales","2025-11-11T03:30:00.000Z","2025-11-11T08:00:00.000Z","half-day","4.5"
"2025-11-11","EMP001","Employee 1","employee1@example.com","Sales","2025-11-11T03:30:00.000Z","2025-11-11T12:00:00.000Z","present","8.5"
"2025-11-11","EMP011","Employee 11","employee11@example.com","HR","2025-11-11T03:30:00.000Z","2025-11-11T12:00:00.000Z","present","8.5"
"2025-11-11","EMP012","Employee 12","employee12@example.com","Engineering","2025-11-11T03:30:00.000Z","2025-11-11T12:00:00.000Z","present","8.5"
"2025-11-11","EMP019","Employee 19","employee19@example.com","Sales","2025-11-11T03:30:00.000Z","2025-11-11T12:00:00.000Z","present","8.5"
"2025-11-11","EMP009","Employee 9","employee9@example.com","Engineering","2025-11-11T03:30:00.000Z","2025-11-11T12:00:00.000Z","present","8.5"
"2025-11-11","EMP002","Employee 2","employee2@example.com","HR","2025-11-11T03:30:00.000Z","2025-11-11T12:00:00.000Z","present","8.5"
"2025-11-11","EMP013","Employee 13","employee13@example.com","Sales","2025-11-11T03:30:00.000Z","2025-11-11T12:00:00.000Z","present","8.5"
"2025-11-11","EMP018","Employee 18","employee18@example.com","Engineering","2025-11-11T03:30:00.000Z","2025-11-11T12:00:00.000Z","present","8.5"
"2025-11-11","EMP003","Employee 3","employee3@example.com","Engineering","2025-11-11T03:30:00.000Z","2025-11-11T12:00:00.000Z","present","8.5"
"2025-11-11","EMP008","Employee 8","employee8@example.com","HR","2025-11-11T03:30:00.000Z","2025-11-11T12:00:00.000Z","present","8.5"
"2025-11-11","EMP017","Employee 17","employee17@example.com","HR","2025-11-11T03:30:00.000Z","2025-11-11T12:00:00.000Z","present","8.5"
"2025-11-11","EMP014","Employee 14","employee14@example.com","HR","2025-11-11T03:30:00.000Z","2025-11-11T12:00:00.000Z","present","8.5"
"2025-11-11","EMP004","Employee 4","employee4@example.com","Sales","2025-11-11T04:04:00.000Z","2025-11-11T12:00:00.000Z","late","7.933333333333334"
"2025-11-11","EMP007","Employee 7","employee7@example.com","Sales","2025-11-11T03:30:00.000Z","2025-11-11T12:00:00.000Z","present","8.5"
"2025-11-11","EMP005","Employee 5","employee5@example.com","HR","2025-11-11T03:30:00.000Z","2025-11-11T12:00:00.000Z","present","8.5"
"2025-11-11","EMP016","Employee 16","employee16@example.com","Sales","2025-11-11T03:30:00.000Z","2025-11-11T12:00:00.000Z","present","8.5"
"2025-11-11","EMP020","Employee 20","employee20@example.com","HR","2025-11-11T03:30:00.000Z","2025-11-11T12:00:00.000Z","present","8.5"
"2025-11-10","EMP017","Employee 17","employee17@example.com","HR","","","absent","0"
"2025-11-10","EMP007","Employee 7","employee7@example.com","Sales","2025-11-10T03:30:00.000Z","2025-11-10T12:00:00.000Z","present","8.5"
"2025-11-10","EMP020","Employee 20","employee20@example.com","HR","2025-11-10T03:30:00.000Z","2025-11-10T12:00:00.000Z","present","8.5"
"2025-11-10","EMP002","Employee 2","employee2@example.com","HR","","","absent","0"
"2025-11-10","EMP012","Employee 12","employee12@example.com","Engineering","2025-11-10T03:30:00.000Z","2025-11-10T12:00:00.000Z","present","8.5"
"2025-11-10","EMP001","Employee 1","employee1@example.com","Sales","2025-11-10T03:30:00.000Z","2025-11-10T12:00:00.000Z","present","8.5"
"2025-11-10","EMP010","Employee 10","employee10@example.com","Sales","2025-11-10T03:30:00.000Z","2025-11-10T12:00:00.000Z","present","8.5"
"2025-11-10","EMP019","Employee 19","employee19@example.com","Sales","2025-11-10T03:30:00.000Z","2025-11-10T12:00:00.000Z","present","8.5"
"2025-11-10","EMP005","Employee 5","employee5@example.com","HR","2025-11-10T03:30:00.000Z","2025-11-10T12:00:00.000Z","present","8.5"
"2025-11-10","EMP009","Employee 9","employee9@example.com","Engineering","2025-11-10T03:30:00.000Z","2025-11-10T12:00:00.000Z","present","8.5"
"2025-11-10","EMP016","Employee 16","employee16@example.com","Sales","2025-11-10T03:30:00.000Z","2025-11-10T12:00:00.000Z","present","8.5"
"2025-11-10","EMP006","Employee 6","employee6@example.com","Engineering","2025-11-10T03:30:00.000Z","2025-11-10T12:00:00.000Z","present","8.5"
"2025-11-10","EMP008","Employee 8","employee8@example.com","HR","2025-11-10T03:30:00.000Z","2025-11-10T12:00:00.000Z","present","8.5"
"2025-11-10","EMP004","Employee 4","employee4@example.com","Sales","2025-11-10T03:30:00.000Z","2025-11-10T12:00:00.000Z","present","8.5"
"2025-11-10","EMP015","Employee 15","employee15@example.com","Engineering","2025-11-10T03:30:00.000Z","2025-11-10T12:00:00.000Z","present","8.5"
"2025-11-10","EMP011","Employee 11","employee11@example.com","HR","2025-11-10T03:43:00.000Z","2025-11-10T12:00:00.000Z","late","8.283333333333333"
"2025-11-10","EMP018","Employee 18","employee18@example.com","Engineering","2025-11-10T03:30:00.000Z","2025-11-10T08:00:00.000Z","half-day","4.5"
"2025-11-10","EMP003","Employee 3","employee3@example.com","Engineering","2025-11-10T03:30:00.000Z","2025-11-10T12:00:00.000Z","present","8.5"
"2025-11-10","EMP014","Employee 14","employee14@example.com","HR","2025-11-10T04:14:00.000Z","2025-11-10T12:00:00.000Z","late","7.766666666666667"
"2025-11-10","EMP013","Employee 13","employee13@example.com","Sales","2025-11-10T03:46:00.000Z","2025-11-10T12:00:00.000Z","late","8.233333333333333"
"2025-11-09","EMP013","Employee 13","employee13@example.com","Sales","2025-11-09T03:30:00.000Z","2025-11-09T12:00:00.000Z","present","8.5"
"2025-11-09","EMP018","Employee 18","employee18@example.com","Engineering","2025-11-09T03:30:00.000Z","2025-11-09T12:00:00.000Z","present","8.5"
"2025-11-09","EMP017","Employee 17","employee17@example.com","HR","2025-11-09T03:30:00.000Z","2025-11-09T12:00:00.000Z","present","8.5"
"2025-11-09","EMP020","Employee 20","employee20@example.com","HR","2025-11-09T03:30:00.000Z","2025-11-09T12:00:00.000Z","present","8.5"
"2025-11-09","EMP002","Employee 2","employee2@example.com","HR","2025-11-09T03:43:00.000Z","2025-11-09T12:00:00.000Z","late","8.283333333333333"
"2025-11-09","EMP006","Employee 6","employee6@example.com","Engineering","2025-11-09T03:30:00.000Z","2025-11-09T12:00:00.000Z","present","8.5"
"2025-11-09","EMP014","Employee 14","employee14@example.com","HR","2025-11-09T03:30:00.000Z","2025-11-09T12:00:00.000Z","present","8.5"
"2025-11-09","EMP009","Employee 9","employee9@example.com","Engineering","2025-11-09T03:30:00.000Z","2025-11-09T12:00:00.000Z","present","8.5"
"2025-11-09","EMP019","Employee 19","employee19@example.com","Sales","2025-11-09T04:24:00.000Z","2025-11-09T12:00:00.000Z","late","7.6"
"2025-11-09","EMP004","Employee 4","employee4@example.com","Sales","2025-11-09T03:30:00.000Z","2025-11-09T12:00:00.000Z","present","8.5"
"2025-11-09","EMP001","Employee 1","employee1@example.com","Sales","2025-11-09T03:30:00.000Z","2025-11-09T12:00:00.000Z","present","8.5"
"2025-11-09","EMP007","Employee 7","employee7@example.com","Sales","2025-11-09T03:30:00.000Z","2025-11-09T12:00:00.000Z","present","8.5"
"2025-11-09","EMP005","Employee 5","employee5@example.com","HR","2025-11-09T03:30:00.000Z","2025-11-09T12:00:00.000Z","present","8.5"
"2025-11-09","EMP012","Employee 12","employee12@example.com","Engineering","2025-11-09T04:21:00.000Z","2025-11-09T12:00:00.000Z","late","7.65"
"2025-11-09","EMP010","Employee 10","employee10@example.com","Sales","2025-11-09T03:30:00.000Z","2025-11-09T12:00:00.000Z","present","8.5"
"2025-11-09","EMP016","Employee 16","employee16@example.com","Sales","2025-11-09T03:30:00.000Z","2025-11-09T12:00:00.000Z","present","8.5"
"2025-11-09","EMP015","Employee 15","employee15@example.com","Engineering","2025-11-09T03:30:00.000Z","2025-11-09T12:00:00.000Z","present","8.5"
"2025-11-09","EMP011","Employee 11","employee11@example.com","HR","2025-11-09T03:30:00.000Z","2025-11-09T12:00:00.000Z","present","8.5"
"2025-11-09","EMP008","Employee 8","employee8@example.com","HR","2025-11-09T03:30:00.000Z","2025-11-09T12:00:00.000Z","present","8.5"
"2025-11-09","EMP003","Employee 3","employee3@example.com","Engineering","2025-11-09T03:30:00.000Z","2025-11-09T12:00:00.000Z","present","8.5"
"2025-11-08","EMP008","Employee 8","employee8@example.com","HR","2025-11-08T03:30:00.000Z","2025-11-08T12:00:00.000Z","present","8.5"
"2025-11-08","EMP011","Employee 11","employee11@example.com","HR","2025-11-08T03:30:00.000Z","2025-11-08T12:00:00.000Z","present","8.5"
"2025-11-08","EMP010","Employee 10","employee10@example.com","Sales","2025-11-08T03:30:00.000Z","2025-11-08T12:00:00.000Z","present","8.5"
"2025-11-08","EMP020","Employee 20","employee20@example.com","HR","2025-11-08T03:30:00.000Z","2025-11-08T12:00:00.000Z","present","8.5"
"2025-11-08","EMP012","Employee 12","employee12@example.com","Engineering","2025-11-08T03:30:00.000Z","2025-11-08T12:00:00.000Z","present","8.5"
"2025-11-08","EMP009","Employee 9","employee9@example.com","Engineering","2025-11-08T03:30:00.000Z","2025-11-08T12:00:00.000Z","present","8.5"
"2025-11-08","EMP013","Employee 13","employee13@example.com","Sales","2025-11-08T03:30:00.000Z","2025-11-08T12:00:00.000Z","present","8.5"
"2025-11-08","EMP007","Employee 7","employee7@example.com","Sales","2025-11-08T03:30:00.000Z","2025-11-08T12:00:00.000Z","present","8.5"
"2025-11-08","EMP014","Employee 14","employee14@example.com","HR","2025-11-08T03:30:00.000Z","2025-11-08T12:00:00.000Z","present","8.5"
"2025-11-08","EMP006","Employee 6","employee6@example.com","Engineering","2025-11-08T03:30:00.000Z","2025-11-08T08:00:00.000Z","half-day","4.5"
"2025-11-08","EMP015","Employee 15","employee15@example.com","Engineering","2025-11-08T03:30:00.000Z","2025-11-08T12:00:00.000Z","present","8.5"
"2025-11-08","EMP005","Employee 5","employee5@example.com","HR","2025-11-08T03:30:00.000Z","2025-11-08T12:00:00.000Z","present","8.5"
"2025-11-08","EMP016","Employee 16","employee16@example.com","Sales","2025-11-08T03:30:00.000Z","2025-11-08T12:00:00.000Z","present","8.5"
"2025-11-08","EMP004","Employee 4","employee4@example.com","Sales","2025-11-08T03:30:00.000Z","2025-11-08T12:00:00.000Z","present","8.5"
"2025-11-08","EMP017","Employee 17","employee17@example.com","HR","2025-11-08T03:30:00.000Z","2025-11-08T12:00:00.000Z","present","8.5"
"2025-11-08","EMP003","Employee 3","employee3@example.com","Engineering","2025-11-08T03:30:00.000Z","2025-11-08T12:00:00.000Z","present","8.5"
"2025-11-08","EMP018","Employee 18","employee18@example.com","Engineering","2025-11-08T03:30:00.000Z","2025-11-08T12:00:00.000Z","present","8.5"
"2025-11-08","EMP002","Employee 2","employee2@example.com","HR","2025-11-08T03:30:00.000Z","2025-11-08T12:00:00.000Z","present","8.5"
"2025-11-08","EMP019","Employee 19","employee19@example.com","Sales","2025-11-08T04:09:00.000Z","2025-11-08T12:00:00.000Z","late","7.85"
"2025-11-08","EMP001","Employee 1","employee1@example.com","Sales","2025-11-08T03:30:00.000Z","2025-11-08T12:00:00.000Z","present","8.5"
"2025-11-07","EMP007","Employee 7","employee7@example.com","Sales","2025-11-07T03:30:00.000Z","2025-11-07T12:00:00.000Z","present","8.5"
"2025-11-07","EMP017","Employee 17","employee17@example.com","HR","2025-11-07T03:30:00.000Z","2025-11-07T12:00:00.000Z","present","8.5"
"2025-11-07","EMP003","Employee 3","employee3@example.com","Engineering","2025-11-07T03:30:00.000Z","2025-11-07T12:00:00.000Z","present","8.5"
"2025-11-07","EMP006","Employee 6","employee6@example.com","Engineering","2025-11-07T03:30:00.000Z","2025-11-07T12:00:00.000Z","present","8.5"
"2025-11-07","EMP005","Employee 5","employee5@example.com","HR","2025-11-07T03:30:00.000Z","2025-11-07T12:00:00.000Z","present","8.5"
"2025-11-07","EMP010","Employee 10","employee10@example.com","Sales","2025-11-07T03:30:00.000Z","2025-11-07T12:00:00.000Z","present","8.5"
"2025-11-07","EMP012","Employee 12","employee12@example.com","Engineering","2025-11-07T03:30:00.000Z","2025-11-07T12:00:00.000Z","present","8.5"
"2025-11-07","EMP016","Employee 16","employee16@example.com","Sales","2025-11-07T03:30:00.000Z","2025-11-07T12:00:00.000Z","present","8.5"
"2025-11-07","EMP011","Employee 11","employee11@example.com","HR","2025-11-07T03:30:00.000Z","2025-11-07T12:00:00.000Z","present","8.5"
"2025-11-07","EMP001","Employee 1","employee1@example.com","Sales","2025-11-07T03:30:00.000Z","2025-11-07T12:00:00.000Z","present","8.5"
"2025-11-07","EMP019","Employee 19","employee19@example.com","Sales","2025-11-07T04:17:00.000Z","2025-11-07T12:00:00.000Z","late","7.716666666666667"
"2025-11-07","EMP009","Employee 9","employee9@example.com","Engineering","","","absent","0"
"2025-11-07","EMP002","Employee 2","employee2@example.com","HR","2025-11-07T03:30:00.000Z","2025-11-07T12:00:00.000Z","present","8.5"
"2025-11-07","EMP004","Employee 4","employee4@example.com","Sales","2025-11-07T03:30:00.000Z","2025-11-07T12:00:00.000Z","present","8.5"
"2025-11-07","EMP018","Employee 18","employee18@example.com","Engineering","2025-11-07T03:30:00.000Z","2025-11-07T12:00:00.000Z","present","8.5"
"2025-11-07","EMP008","Employee 8","employee8@example.com","HR","2025-11-07T03:30:00.000Z","2025-11-07T12:00:00.000Z","present","8.5"
"2025-11-07","EMP013","Employee 13","employee13@example.com","Sales","2025-11-07T03:30:00.000Z","2025-11-07T12:00:00.000Z","present","8.5"
"2025-11-07","EMP015","Employee 15","employee15@example.com","Engineering","2025-11-07T03:30:00.000Z","2025-11-07T12:00:00.000Z","present","8.5"
"2025-11-07","EMP014","Employee 14","employee14@example.com","HR","2025-11-07T03:30:00.000Z","2025-11-07T12:00:00.000Z","present","8.5"
"2025-11-07","EMP020","Employee 20","employee20@example.com","HR","2025-11-07T03:30:00.000Z","2025-11-07T12:00:00.000Z","present","8.5"
"2025-11-06","EMP005","Employee 5","employee5@example.com","HR","2025-11-06T03:30:00.000Z","2025-11-06T12:00:00.000Z","present","8.5"
"2025-11-06","EMP007","Employee 7","employee7@example.com","Sales","2025-11-06T03:30:00.000Z","2025-11-06T12:00:00.000Z","present","8.5"
"2025-11-06","EMP013","Employee 13","employee13@example.com","Sales","2025-11-06T03:30:00.000Z","2025-11-06T12:00:00.000Z","present","8.5"
"2025-11-06","EMP019","Employee 19","employee19@example.com","Sales","2025-11-06T03:30:00.000Z","2025-11-06T12:00:00.000Z","present","8.5"
"2025-11-06","EMP017","Employee 17","employee17@example.com","HR","2025-11-06T03:30:00.000Z","2025-11-06T12:00:00.000Z","present","8.5"
"2025-11-06","EMP020","Employee 20","employee20@example.com","HR","2025-11-06T03:30:00.000Z","2025-11-06T12:00:00.000Z","present","8.5"
"2025-11-06","EMP014","Employee 14","employee14@example.com","HR","2025-11-06T03:30:00.000Z","2025-11-06T12:00:00.000Z","present","8.5"
"2025-11-06","EMP003","Employee 3","employee3@example.com","Engineering","","","absent","0"
"2025-11-06","EMP011","Employee 11","employee11@example.com","HR","2025-11-06T03:30:00.000Z","2025-11-06T12:00:00.000Z","present","8.5"
"2025-11-06","EMP006","Employee 6","employee6@example.com","Engineering","2025-11-06T03:30:00.000Z","2025-11-06T12:00:00.000Z","present","8.5"
"2025-11-06","EMP009","Employee 9","employee9@example.com","Engineering","2025-11-06T04:27:00.000Z","2025-11-06T12:00:00.000Z","late","7.55"
"2025-11-06","EMP008","Employee 8","employee8@example.com","HR","2025-11-06T03:30:00.000Z","2025-11-06T12:00:00.000Z","present","8.5"
"2025-11-06","EMP018","Employee 18","employee18@example.com","Engineering","2025-11-06T03:30:00.000Z","2025-11-06T12:00:00.000Z","present","8.5"
"2025-11-06","EMP002","Employee 2","employee2@example.com","HR","2025-11-06T03:30:00.000Z","2025-11-06T12:00:00.000Z","present","8.5"
"2025-11-06","EMP016","Employee 16","employee16@example.com","Sales","2025-11-06T03:30:00.000Z","2025-11-06T12:00:00.000Z","present","8.5"
"2025-11-06","EMP015","Employee 15","employee15@example.com","Engineering","2025-11-06T03:30:00.000Z","2025-11-06T12:00:00.000Z","present","8.5"
"2025-11-06","EMP010","Employee 10","employee10@example.com","Sales","2025-11-06T03:30:00.000Z","2025-11-06T12:00:00.000Z","present","8.5"
"2025-11-06","EMP004","Employee 4","employee4@example.com","Sales","2025-11-06T03:30:00.000Z","2025-11-06T12:00:00.000Z","present","8.5"
"2025-11-06","EMP001","Employee 1","employee1@example.com","Sales","2025-11-06T03:30:00.000Z","2025-11-06T12:00:00.000Z","present","8.5"
"2025-11-06","EMP012","Employee 12","employee12@example.com","Engineering","2025-11-06T03:30:00.000Z","2025-11-06T12:00:00.000Z","present","8.5"
"2025-11-05","EMP019","Employee 19","employee19@example.com","Sales","2025-11-05T04:20:00.000Z","2025-11-05T12:00:00.000Z","late","7.666666666666667"
"2025-11-05","EMP015","Employee 15","employee15@example.com","Engineering","2025-11-05T03:30:00.000Z","2025-11-05T12:00:00.000Z","present","8.5"
"2025-11-05","EMP020","Employee 20","employee20@example.com","HR","2025-11-05T04:07:00.000Z","2025-11-05T12:00:00.000Z","late","7.883333333333334"
"2025-11-05","EMP006","Employee 6","employee6@example.com","Engineering","2025-11-05T03:30:00.000Z","2025-11-05T12:00:00.000Z","present","8.5"
"2025-11-05","EMP016","Employee 16","employee16@example.com","Sales","","","absent","0"
"2025-11-05","EMP004","Employee 4","employee4@example.com","Sales","2025-11-05T03:30:00.000Z","2025-11-05T12:00:00.000Z","present","8.5"
"2025-11-05","EMP014","Employee 14","employee14@example.com","HR","2025-11-05T03:30:00.000Z","2025-11-05T12:00:00.000Z","present","8.5"
"2025-11-05","EMP017","Employee 17","employee17@example.com","HR","2025-11-05T03:30:00.000Z","2025-11-05T12:00:00.000Z","present","8.5"
"2025-11-05","EMP007","Employee 7","employee7@example.com","Sales","2025-11-05T03:30:00.000Z","2025-11-05T12:00:00.000Z","present","8.5"
"2025-11-05","EMP003","Employee 3","employee3@example.com","Engineering","2025-11-05T03:30:00.000Z","2025-11-05T12:00:00.000Z","present","8.5"
"2025-11-05","EMP013","Employee 13","employee13@example.com","Sales","2025-11-05T03:30:00.000Z","2025-11-05T12:00:00.000Z","present","8.5"
"2025-11-05","EMP018","Employee 18","employee18@example.com","Engineering","2025-11-05T03:30:00.000Z","2025-11-05T12:00:00.000Z","present","8.5"
"2025-11-05","EMP008","Employee 8","employee8@example.com","HR","2025-11-05T03:30:00.000Z","2025-11-05T12:00:00.000Z","present","8.5"
"2025-11-05","EMP002","Employee 2","employee2@example.com","HR","2025-11-05T03:30:00.000Z","2025-11-05T12:00:00.000Z","present","8.5"
"2025-11-05","EMP011","Employee 11","employee11@example.com","HR","2025-11-05T03:30:00.000Z","2025-11-05T12:00:00.000Z","present","8.5"
"2025-11-05","EMP012","Employee 12","employee12@example.com","Engineering","2025-11-05T03:30:00.000Z","2025-11-05T12:00:00.000Z","present","8.5"
"2025-11-05","EMP001","Employee 1","employee1@example.com","Sales","2025-11-05T03:30:00.000Z","2025-11-05T12:00:00.000Z","present","8.5"
"2025-11-05","EMP009","Employee 9","employee9@example.com","Engineering","2025-11-05T03:30:00.000Z","2025-11-05T12:00:00.000Z","present","8.5"
"2025-11-05","EMP010","Employee 10","employee10@example.com","Sales","2025-11-05T03:30:00.000Z","2025-11-05T12:00:00.000Z","present","8.5"
"2025-11-05","EMP005","Employee 5","employee5@example.com","HR","2025-11-05T03:30:00.000Z","2025-11-05T12:00:00.000Z","present","8.5"
"2025-11-04","EMP017","Employee 17","employee17@example.com","HR","2025-11-04T03:30:00.000Z","2025-11-04T12:00:00.000Z","present","8.5"
"2025-11-04","EMP012","Employee 12","employee12@example.com","Engineering","2025-11-04T03:30:00.000Z","2025-11-04T12:00:00.000Z","present","8.5"
"2025-11-04","EMP008","Employee 8","employee8@example.com","HR","2025-11-04T03:30:00.000Z","2025-11-04T12:00:00.000Z","present","8.5"
"2025-11-04","EMP015","Employee 15","employee15@example.com","Engineering","2025-11-04T03:30:00.000Z","2025-11-04T12:00:00.000Z","present","8.5"
"2025-11-04","EMP003","Employee 3","employee3@example.com","Engineering","2025-11-04T03:30:00.000Z","2025-11-04T12:00:00.000Z","present","8.5"
"2025-11-04","EMP002","Employee 2","employee2@example.com","HR","2025-11-04T03:30:00.000Z","2025-11-04T12:00:00.000Z","present","8.5"
"2025-11-04","EMP013","Employee 13","employee13@example.com","Sales","2025-11-04T03:30:00.000Z","2025-11-04T12:00:00.000Z","present","8.5"
"2025-11-04","EMP004","Employee 4","employee4@example.com","Sales","2025-11-04T03:30:00.000Z","2025-11-04T12:00:00.000Z","present","8.5"
"2025-11-04","EMP006","Employee 6","employee6@example.com","Engineering","2025-11-04T03:30:00.000Z","2025-11-04T12:00:00.000Z","present","8.5"
"2025-11-04","EMP010","Employee 10","employee10@example.com","Sales","2025-11-04T03:30:00.000Z","2025-11-04T12:00:00.000Z","present","8.5"
"2025-11-04","EMP020","Employee 20","employee20@example.com","HR","2025-11-04T03:30:00.000Z","2025-11-04T12:00:00.000Z","present","8.5"
"2025-11-04","EMP014","Employee 14","employee14@example.com","HR","2025-11-04T03:30:00.000Z","2025-11-04T12:00:00.000Z","present","8.5"
"2025-11-04","EMP011","Employee 11","employee11@example.com","HR","2025-11-04T03:30:00.000Z","2025-11-04T08:00:00.000Z","half-day","4.5"
"2025-11-04","EMP007","Employee 7","employee7@example.com","Sales","2025-11-04T03:30:00.000Z","2025-11-04T12:00:00.000Z","present","8.5"
"2025-11-04","EMP009","Employee 9","employee9@example.com","Engineering","2025-11-04T03:30:00.000Z","2025-11-04T12:00:00.000Z","present","8.5"
"2025-11-04","EMP016","Employee 16","employee16@example.com","Sales","2025-11-04T03:30:00.000Z","2025-11-04T12:00:00.000Z","present","8.5"
"2025-11-04","EMP018","Employee 18","employee18@example.com","Engineering","2025-11-04T03:30:00.000Z","2025-11-04T12:00:00.000Z","present","8.5"
"2025-11-04","EMP005","Employee 5","employee5@example.com","HR","2025-11-04T03:30:00.000Z","2025-11-04T12:00:00.000Z","present","8.5"
"2025-11-04","EMP001","Employee 1","employee1@example.com","Sales","2025-11-04T03:30:00.000Z","2025-11-04T12:00:00.000Z","present","8.5"
"2025-11-04","EMP019","Employee 19","employee19@example.com","Sales","2025-11-04T03:30:00.000Z","2025-11-04T12:00:00.000Z","present","8.5"
"2025-11-03","EMP010","Employee 10","employee10@example.com","Sales","2025-11-03T03:30:00.000Z","2025-11-03T12:00:00.000Z","present","8.5"
"2025-11-03","EMP020","Employee 20","employee20@example.com","HR","2025-11-03T03:30:00.000Z","2025-11-03T12:00:00.000Z","present","8.5"
"2025-11-03","EMP013","Employee 13","employee13@example.com","Sales","2025-11-03T03:30:00.000Z","2025-11-03T12:00:00.000Z","present","8.5"
"2025-11-03","EMP014","Employee 14","employee14@example.com","HR","2025-11-03T03:30:00.000Z","2025-11-03T12:00:00.000Z","present","8.5"
"2025-11-03","EMP018","Employee 18","employee18@example.com","Engineering","2025-11-03T03:30:00.000Z","2025-11-03T08:00:00.000Z","half-day","4.5"
"2025-11-03","EMP011","Employee 11","employee11@example.com","HR","2025-11-03T03:30:00.000Z","2025-11-03T12:00:00.000Z","present","8.5"
"2025-11-03","EMP002","Employee 2","employee2@example.com","HR","2025-11-03T03:30:00.000Z","2025-11-03T12:00:00.000Z","present","8.5"
"2025-11-03","EMP015","Employee 15","employee15@example.com","Engineering","2025-11-03T04:01:00.000Z","2025-11-03T12:00:00.000Z","late","7.983333333333333"
"2025-11-03","EMP004","Employee 4","employee4@example.com","Sales","2025-11-03T03:30:00.000Z","2025-11-03T12:00:00.000Z","present","8.5"
"2025-11-03","EMP008","Employee 8","employee8@example.com","HR","2025-11-03T03:30:00.000Z","2025-11-03T12:00:00.000Z","present","8.5"
"2025-11-03","EMP012","Employee 12","employee12@example.com","Engineering","","","absent","0"
"2025-11-03","EMP006","Employee 6","employee6@example.com","Engineering","2025-11-03T03:30:00.000Z","2025-11-03T12:00:00.000Z","present","8.5"
"2025-11-03","EMP019","Employee 19","employee19@example.com","Sales","2025-11-03T03:30:00.000Z","2025-11-03T12:00:00.000Z","present","8.5"
"2025-11-03","EMP001","Employee 1","employee1@example.com","Sales","2025-11-03T03:30:00.000Z","2025-11-03T12:00:00.000Z","present","8.5"
"2025-11-03","EMP016","Employee 16","employee16@example.com","Sales","2025-11-03T03:30:00.000Z","2025-11-03T12:00:00.000Z","present","8.5"
"2025-11-03","EMP005","Employee 5","employee5@example.com","HR","2025-11-03T03:30:00.000Z","2025-11-03T12:00:00.000Z","present","8.5"
"2025-11-03","EMP009","Employee 9","employee9@example.com","Engineering","2025-11-03T03:30:00.000Z","2025-11-03T12:00:00.000Z","present","8.5"
"2025-11-03","EMP007","Employee 7","employee7@example.com","Sales","2025-11-03T03:30:00.000Z","2025-11-03T12:00:00.000Z","present","8.5"
"2025-11-03","EMP003","Employee 3","employee3@example.com","Engineering","2025-11-03T03:55:00.000Z","2025-11-03T12:00:00.000Z","late","8.083333333333334"
"2025-11-03","EMP017","Employee 17","employee17@example.com","HR","2025-11-03T03:30:00.000Z","2025-11-03T08:00:00.000Z","half-day","4.5"
"2025-11-02","EMP013","Employee 13","employee13@example.com","Sales","2025-11-02T03:30:00.000Z","2025-11-02T12:00:00.000Z","present","8.5"
"2025-11-02","EMP006","Employee 6","employee6@example.com","Engineering","2025-11-02T03:30:00.000Z","2025-11-02T12:00:00.000Z","present","8.5"
"2025-11-02","EMP019","Employee 19","employee19@example.com","Sales","","","absent","0"
"2025-11-02","EMP001","Employee 1","employee1@example.com","Sales","2025-11-02T03:30:00.000Z","2025-11-02T12:00:00.000Z","present","8.5"
"2025-11-02","EMP018","Employee 18","employee18@example.com","Engineering","2025-11-02T03:30:00.000Z","2025-11-02T12:00:00.000Z","present","8.5"
"2025-11-02","EMP005","Employee 5","employee5@example.com","HR","2025-11-02T03:30:00.000Z","2025-11-02T12:00:00.000Z","present","8.5"
"2025-11-02","EMP016","Employee 16","employee16@example.com","Sales","2025-11-02T03:30:00.000Z","2025-11-02T12:00:00.000Z","present","8.5"
"2025-11-02","EMP003","Employee 3","employee3@example.com","Engineering","2025-11-02T03:30:00.000Z","2025-11-02T12:00:00.000Z","present","8.5"
"2025-11-02","EMP010","Employee 10","employee10@example.com","Sales","2025-11-02T03:30:00.000Z","2025-11-02T12:00:00.000Z","present","8.5"
"2025-11-02","EMP007","Employee 7","employee7@example.com","Sales","2025-11-02T03:30:00.000Z","2025-11-02T12:00:00.000Z","present","8.5"
"2025-11-02","EMP014","Employee 14","employee14@example.com","HR","2025-11-02T03:30:00.000Z","2025-11-02T12:00:00.000Z","present","8.5"
"2025-11-02","EMP009","Employee 9","employee9@example.com","Engineering","2025-11-02T03:30:00.000Z","2025-11-02T12:00:00.000Z","present","8.5"
"2025-11-02","EMP011","Employee 11","employee11@example.com","HR","","","absent","0"
"2025-11-02","EMP017","Employee 17","employee17@example.com","HR","2025-11-02T03:30:00.000Z","2025-11-02T12:00:00.000Z","present","8.5"
"2025-11-02","EMP002","Employee 2","employee2@example.com","HR","2025-11-02T04:16:00.000Z","2025-11-02T12:00:00.000Z","late","7.733333333333333"
"2025-11-02","EMP008","Employee 8","employee8@example.com","HR","","","absent","0"
"2025-11-02","EMP004","Employee 4","employee4@example.com","Sales","2025-11-02T03:30:00.000Z","2025-11-02T12:00:00.000Z","present","8.5"
"2025-11-02","EMP020","Employee 20","employee20@example.com","HR","2025-11-02T03:30:00.000Z","2025-11-02T12:00:00.000Z","present","8.5"
"2025-11-02","EMP012","Employee 12","employee12@example.com","Engineering","2025-11-02T03:30:00.000Z","2025-11-02T12:00:00.000Z","present","8.5"
"2025-11-02","EMP015","Employee 15","employee15@example.com","Engineering","2025-11-02T03:30:00.000Z","2025-11-02T12:00:00.000Z","present","8.5"
"2025-11-01","EMP004","Employee 4","employee4@example.com","Sales","2025-11-01T03:30:00.000Z","2025-11-01T12:00:00.000Z","present","8.5"
"2025-11-01","EMP005","Employee 5","employee5@example.com","HR","2025-11-01T03:30:00.000Z","2025-11-01T12:00:00.000Z","present","8.5"
"2025-11-01","EMP014","Employee 14","employee14@example.com","HR","2025-11-01T03:30:00.000Z","2025-11-01T12:00:00.000Z","present","8.5"
"2025-11-01","EMP006","Employee 6","employee6@example.com","Engineering","2025-11-01T04:16:00.000Z","2025-11-01T12:00:00.000Z","late","7.733333333333333"
"2025-11-01","EMP002","Employee 2","employee2@example.com","HR","2025-11-01T03:36:00.000Z","2025-11-01T12:00:00.000Z","late","8.4"
"2025-11-01","EMP013","Employee 13","employee13@example.com","Sales","2025-11-01T03:30:00.000Z","2025-11-01T12:00:00.000Z","late","8.5"
"2025-11-01","EMP018","Employee 18","employee18@example.com","Engineering","2025-11-01T03:30:00.000Z","2025-11-01T08:00:00.000Z","half-day","4.5"
"2025-11-01","EMP011","Employee 11","employee11@example.com","HR","2025-11-01T03:30:00.000Z","2025-11-01T12:00:00.000Z","present","8.5"
"2025-11-01","EMP007","Employee 7","employee7@example.com","Sales","2025-11-01T03:30:00.000Z","2025-11-01T12:00:00.000Z","present","8.5"
"2025-11-01","EMP019","Employee 19","employee19@example.com","Sales","2025-11-01T03:30:00.000Z","2025-11-01T12:00:00.000Z","present","8.5"
"2025-11-01","EMP016","Employee 16","employee16@example.com","Sales","2025-11-01T03:30:00.000Z","2025-11-01T12:00:00.000Z","present","8.5"
"2025-11-01","EMP001","Employee 1","employee1@example.com","Sales","2025-11-01T03:30:00.000Z","2025-11-01T12:00:00.000Z","present","8.5"
"2025-11-01","EMP017","Employee 17","employee17@example.com","HR","2025-11-01T03:30:00.000Z","2025-11-01T12:00:00.000Z","present","8.5"
"2025-11-01","EMP003","Employee 3","employee3@example.com","Engineering","2025-11-01T03:30:00.000Z","2025-11-01T12:00:00.000Z","present","8.5"
"2025-11-01","EMP009","Employee 9","employee9@example.com","Engineering","2025-11-01T03:30:00.000Z","2025-11-01T12:00:00.000Z","present","8.5"
"2025-11-01","EMP020","Employee 20","employee20@example.com","HR","2025-11-01T03:30:00.000Z","2025-11-01T12:00:00.000Z","present","8.5"
"2025-11-01","EMP012","Employee 12","employee12@example.com","Engineering","2025-11-01T03:30:00.000Z","2025-11-01T12:00:00.000Z","present","8.5"
"2025-11-01","EMP010","Employee 10","employee10@example.com","Sales","2025-11-01T03:53:00.000Z","2025-11-01T12:00:00.000Z","late","8.116666666666667"
"2025-11-01","EMP015","Employee 15","employee15@example.com","Engineering","2025-11-01T03:30:00.000Z","2025-11-01T12:00:00.000Z","present","8.5"
"2025-11-01","EMP008","Employee 8","employee8@example.com","HR","2025-11-01T03:30:00.000Z","2025-11-01T12:00:00.000Z","present","8.5"
